-- phpMyAdmin SQL Dump
-- version 4.4.14
-- http://www.phpmyadmin.net
--
-- Servidor: 127.0.0.1
-- Tiempo de generación: 09-12-2015 a las 15:02:02
-- Versión del servidor: 5.6.26
-- Versión de PHP: 5.6.12

SET SQL_MODE = "NO_AUTO_VALUE_ON_ZERO";
SET time_zone = "+00:00";


/*!40101 SET @OLD_CHARACTER_SET_CLIENT=@@CHARACTER_SET_CLIENT */;
/*!40101 SET @OLD_CHARACTER_SET_RESULTS=@@CHARACTER_SET_RESULTS */;
/*!40101 SET @OLD_COLLATION_CONNECTION=@@COLLATION_CONNECTION */;
/*!40101 SET NAMES utf8mb4 */;

--
-- Base de datos: `sica`
--

-- --------------------------------------------------------

--
-- Estructura de tabla para la tabla `actividades`
--

CREATE TABLE IF NOT EXISTS `actividades` (
  `id_actividad` int(11) NOT NULL,
  `actividad` varchar(150) DEFAULT NULL
) ENGINE=InnoDB DEFAULT CHARSET=latin1;

-- --------------------------------------------------------

--
-- Estructura de tabla para la tabla `asignaturas`
--

CREATE TABLE IF NOT EXISTS `asignaturas` (
  `id_facultad` int(11) NOT NULL,
  `id_carrera` int(11) NOT NULL,
  `id_curso` int(11) NOT NULL,
  `id_asignatura` int(11) NOT NULL,
  `codigo` varchar(15) DEFAULT NULL,
  `asignatura` varchar(100) DEFAULT NULL,
  `estado` tinyint(1) DEFAULT NULL
) ENGINE=InnoDB DEFAULT CHARSET=latin1;

--
-- Volcado de datos para la tabla `asignaturas`
--

INSERT INTO `asignaturas` (`id_facultad`, `id_carrera`, `id_curso`, `id_asignatura`, `codigo`, `asignatura`, `estado`) VALUES
(1, 1, 1, 1, '1', 'Quimica_', 1),
(1, 1, 1, 2, '2', 'Castellano', 1),
(1, 1, 1, 3, '3', 'Guaraní', 1),
(1, 1, 1, 4, '4', 'Historia y Geografía Paraguaya', 1),
(1, 1, 1, 5, '5', 'Física', 1),
(1, 1, 1, 6, '6', 'Aritmética y Trigonometría', 1),
(1, 1, 1, 7, '7', 'Geometría', 1),
(1, 1, 1, 8, '8', 'Algebra_', 1),
(1, 1, 1, 9, '9', 'Computación_', 1),
(1, 1, 2, 10, '10', 'Algebra', 1),
(1, 1, 2, 11, '11', 'Geometría Analitica y Vectorial', 1),
(1, 1, 2, 12, '12', 'Diseño Tecnico', 1),
(1, 1, 2, 13, '13', 'Física I', 1),
(1, 1, 2, 14, '14', 'Cálculo', 1),
(1, 1, 3, 15, '15', 'Álgebra Lineal', 1),
(1, 1, 3, 16, '16', 'Cálculo II', 1),
(1, 1, 3, 17, '17', 'Química', 1),
(1, 1, 3, 18, '18', 'Física II', 1),
(1, 1, 3, 19, '19', 'Análisis de Circuitos I', 1),
(1, 1, 4, 20, '20', 'Cálculo Vectorial', 1),
(1, 1, 4, 21, '21', 'Cálculo III', 1),
(1, 1, 4, 22, '22', 'Electrónica I ', 1),
(1, 1, 4, 23, '23', 'Análisis de Circuitos II', 1),
(1, 1, 4, 24, '24', 'Física III', 1),
(1, 1, 5, 25, '25', 'Física IV', 1),
(1, 1, 5, 26, '26', 'Cálculo IV', 1),
(1, 1, 5, 27, '27', 'Computación', 1),
(1, 1, 5, 28, '28', 'Electrónica II', 1),
(1, 1, 5, 29, '29', 'Idioma I', 1),
(1, 1, 6, 30, '30', 'Electrónica III', 1),
(1, 1, 6, 31, '31', 'Teoría de las Comunicaciones I', 1),
(1, 1, 6, 32, '32', 'Electrónica IV', 1),
(1, 1, 6, 33, '33', 'Idioma II', 1),
(1, 1, 6, 34, '34', 'Seguridad e Higiene Laboral', 1),
(1, 1, 7, 35, '35', 'Teoría de las Comunicaciones II', 1),
(1, 1, 7, 36, '36', 'Electrónica V', 1),
(1, 1, 7, 37, '37', 'Administración ', 1),
(1, 1, 8, 38, '38', 'Electrónica VI', 1),
(1, 1, 8, 39, '39', 'Control I', 1),
(1, 1, 8, 40, '40', 'Metodología de la Investigación', 1),
(1, 1, 9, 41, '41', 'Electrónica VII', 1),
(1, 1, 9, 42, '42', 'Control II', 1),
(1, 1, 9, 43, '43', 'Legislación Laboral', 1),
(1, 1, 9, 44, '44', 'Seminario Trabajo Final de Investigación', 1),
(1, 1, 9, 45, '45', 'Asignatura de prueba', 1),
(1, 2, 1, 1, '1', 'Química', 1),
(1, 2, 1, 2, '2', 'Castellano', 1),
(1, 2, 1, 3, '3', 'Guaraní', 1),
(1, 2, 1, 4, '4', 'Historia y Geografía Paraguaya', 1),
(1, 2, 1, 5, '5', 'Física', 1),
(1, 2, 1, 6, '6', 'Aritmética y Trigonometría', 1),
(1, 2, 1, 7, '7', 'Geometría', 1),
(1, 2, 1, 8, '8', 'Algebra', 1),
(1, 2, 1, 9, '9', 'Computación', 1),
(1, 2, 2, 10, '10', 'Psicología', 1),
(1, 2, 2, 11, '11', 'Lógica Matemática', 1),
(1, 2, 2, 12, '12', 'Física I', 1),
(1, 2, 2, 13, '13', 'Matemática I', NULL),
(1, 2, 2, 14, '14', 'Comunicación Oral y Escrita', 1),
(1, 2, 2, 15, '15', 'Introducción a la Informática', 1),
(1, 2, 3, 16, '16', 'Física II', 1),
(1, 2, 3, 17, '17', 'Programación I', 1),
(1, 2, 3, 18, '18', 'Matemática II', 1),
(1, 2, 3, 19, '19', 'Arquitectura de Computadoras', 1),
(1, 2, 3, 20, '20', 'Inglés Técnico I', 1),
(1, 2, 3, 21, '21', 'Administración I', 1),
(1, 2, 4, 22, '22', 'Inglés Técnico II', 1),
(1, 2, 4, 23, '23', 'Redes de Computadoras', 1),
(1, 2, 4, 24, '24', 'Administración II', 1),
(1, 2, 4, 25, '25', 'Programación II', 1),
(1, 2, 4, 26, '26', 'Revista del Derecho', 1),
(1, 2, 4, 27, '27', 'Psicología Empresarial', 1),
(1, 2, 4, 28, '28', 'Matemática III', 1),
(1, 2, 5, 29, '29', 'Base de Datos', 1),
(1, 2, 5, 30, '30', 'Economía I', 1),
(1, 2, 5, 31, '31', 'Administración III', 1),
(1, 2, 5, 32, '32', 'Programación III', 1),
(1, 2, 5, 33, '33', 'Derecho Laboral y Comercial', 1),
(1, 2, 5, 34, '34', 'Teoría de las Probabilidades y Estadística', 1),
(1, 2, 6, 35, '35', 'Programación IV (web)', 1),
(1, 2, 6, 36, '36', 'Elaboración y Evaluación de Proyectos', 1),
(1, 2, 6, 37, '37', 'Economía II', 1),
(1, 2, 6, 38, '38', 'Introducción a los Sistemas de Información', 1),
(1, 2, 6, 39, '39', 'Mecadotecnia', 1),
(1, 2, 7, 40, '40', 'Ingeniería de Software', 1),
(1, 2, 7, 41, '41', 'Multimedios', 1),
(1, 2, 7, 42, '42', 'Organización y Recursos humanos', 1),
(1, 2, 7, 43, '43', 'Administración de Proyectos', 1),
(1, 2, 7, 44, '44', 'Metodología de la Investigación I', 1),
(1, 2, 8, 45, '45', 'Sistemas Operativos', 1),
(1, 2, 8, 46, '46', 'Administración Financiera', 1),
(1, 2, 8, 47, '47', 'Auditoria Informática I', 1),
(1, 2, 8, 48, '48', 'Valores y ética Profesional', 1),
(1, 2, 8, 49, '49', 'Metodología de la Investigación II', 1),
(1, 2, 9, 50, '50', 'Auditoría Informática II', 1),
(1, 2, 9, 51, '51', 'Presupuesto y Control Presupuestario', 1),
(1, 2, 9, 52, '52', 'Seminario de tesis', 1),
(1, 3, 1, 1, '1', 'Química', 1),
(1, 3, 1, 2, '2', 'Castellano_', 1),
(1, 3, 1, 3, '3', 'Historia y Geografía Paraguaya', 1),
(1, 3, 1, 4, '4', 'Física', 1),
(1, 3, 1, 5, '5', 'Aritmética y Trigonometría', 1),
(1, 3, 1, 6, '6', 'Geometría', 1),
(1, 3, 1, 7, '7', 'Algebra', 1),
(1, 3, 1, 8, '8', 'Guaraní_', 1),
(1, 3, 2, 9, '9', 'Física I', 1),
(1, 3, 2, 10, '10', 'Geometría Analítica', 1),
(1, 3, 2, 11, '11', 'Algebra y Trigonometria I', 1),
(1, 3, 2, 12, '12', 'Guarani', 1),
(1, 3, 2, 13, '13', 'Castellano', 1),
(1, 3, 2, 14, '14', 'Química I', 1),
(1, 3, 2, 15, '15', 'Diseño Técnico I', 1),
(1, 3, 3, 16, '16', 'Álgebra y Trigonometría II ', 1),
(1, 3, 3, 17, '17', 'Análisis Matemático', 1),
(1, 3, 3, 18, '18', 'Física II', 1),
(1, 3, 3, 19, '19', 'Diseño Técnico II', 1),
(1, 3, 3, 20, '20', 'Química II', 1),
(1, 3, 3, 21, '21', 'Antropología Cultural ', 1),
(1, 3, 3, 22, '22', 'Gestión Empresarial', 1),
(1, 3, 4, 23, '23', 'Ecuaciones Diferenciales', 1),
(1, 3, 4, 24, '24', 'Operaciones Básicas I', 1),
(1, 3, 4, 25, '25', 'Física III', 1),
(1, 3, 4, 26, '26', 'Química III', 1),
(1, 3, 4, 27, '27', 'Fisicoquímica I', 1),
(1, 3, 4, 28, '28', 'Epistemologías de la Investigación I', 1),
(1, 3, 5, 29, '29', 'Probabilidades y Estadística I', 1),
(1, 3, 5, 30, '30', 'Introducción a la Operación de Investigacione', 1),
(1, 3, 5, 31, '31', 'Operaciones Básicas II', 1),
(1, 3, 5, 32, '32', 'Física IV', 1),
(1, 3, 5, 33, '33', 'Fisicoquímica II ', 1),
(1, 3, 5, 34, '34', 'Seguridad e higiene Laboral', 1),
(1, 3, 5, 35, '35', 'Epistemologías de la Investigación II', 1),
(1, 3, 6, 36, '36', 'Microbiología I', 1),
(1, 3, 6, 37, '37', 'Tecnología de los Alimentos I', 1),
(1, 3, 6, 38, '38', 'Producción de Materias Primas I', 1),
(1, 3, 6, 39, '39', 'Química de los Alimentos I', 1),
(1, 3, 6, 40, '40', 'Toxicología de Alimentos', 1),
(1, 3, 6, 41, '41', 'Química Analítica I', 1),
(1, 3, 6, 42, '42', 'Probabilidad y Estadísticas II', 1),
(1, 3, 7, 43, '43', 'Microbiología II', 1),
(1, 3, 7, 44, '44', 'Tecnología de los Alimentos II', 1),
(1, 3, 7, 45, '45', 'Producción de Materias Primas II', 1),
(1, 3, 7, 46, '46', 'Química de los Alimentos II', 1),
(1, 3, 7, 47, '47', 'Química Analítica II ', 1),
(1, 3, 7, 48, '48', 'Bromatología I', 1),
(1, 3, 7, 49, '49', 'Mercadotecnia', 1),
(1, 3, 8, 50, '50', 'Control de Calidad I', 1),
(1, 3, 8, 51, '51', 'Tecnología de los Alimentos III', 1),
(1, 3, 8, 52, '52', 'Nutrición I', 1),
(1, 3, 8, 53, '53', 'Bromatología II', 1),
(1, 3, 8, 54, '54', 'Proyecto Industrial I', 1),
(1, 3, 8, 55, '55', 'Gestión Ambiental I', 1),
(1, 3, 8, 56, '56', 'Normalización y Legislación', 1),
(1, 3, 9, 57, '57', 'Control de Calidad II', 1),
(1, 3, 9, 58, '58', 'Tecnología de los Alimentos IV', 1),
(1, 3, 9, 59, '59', 'Nutrición II', 1),
(1, 3, 9, 60, '60', 'Elaboración y Evaluación de proyectos', 1),
(1, 3, 9, 61, '61', 'Proyecto Industrial II', 1),
(1, 3, 9, 62, '62', 'Gestión Ambiental II', 1),
(1, 3, 9, 63, '63', 'Seminario de Trabajo Final', 1),
(1, 4, 1, 1, '1', 'Química', 1),
(1, 4, 1, 2, '2', 'Castellano_', 1),
(1, 4, 1, 3, '3', 'Guaraní_', 1),
(1, 4, 1, 4, '4', 'Historia y Geografía Paraguaya', 1),
(1, 4, 1, 5, '5', 'Física', 1),
(1, 4, 1, 6, '6', 'Aritmética y Trigonometría', 1),
(1, 4, 1, 7, '7', 'Geometría', 1),
(1, 4, 1, 8, '8', 'Algebra', 1),
(1, 4, 2, 9, '9', 'Geometría Analitíca con Cálculo', 1),
(1, 4, 2, 10, '10', 'Diseño Técnico I', 1),
(1, 4, 2, 11, '11', 'Algebra y Trigonometria I', 1),
(1, 4, 2, 12, '12', 'Guarani', 1),
(1, 4, 2, 13, '13', 'Castellano', 1),
(1, 4, 2, 14, '14', 'Química I', 1),
(1, 4, 2, 15, '15', 'Física I', 1),
(1, 4, 3, 16, '16', 'Álgebra y trigonometría II', 1),
(1, 4, 3, 17, '17', 'Análisis Matemático', 1),
(1, 4, 3, 18, '18', 'Física II', 1),
(1, 4, 3, 19, '19', 'Diseño técnico II', 1),
(1, 4, 3, 20, '20', 'Química II', 1),
(1, 4, 3, 21, '21', 'Antropología Cultural', 1),
(1, 4, 3, 22, '22', 'Gestión Empresarial', 1),
(1, 4, 4, 23, '23', 'Ecuaciones Diferenciales', 1),
(1, 4, 4, 24, '24', 'Operaciones Básicas I', 1),
(1, 4, 4, 25, '25', 'Física III', 1),
(1, 4, 4, 26, '26', 'Química III', 1),
(1, 4, 4, 27, '27', 'Fisicoquímica I ', 1),
(1, 4, 4, 28, '28', 'Epistemologías de la Investigación I ', 1),
(1, 4, 5, 29, '29', 'Probabilidades y Estadística I', 1),
(1, 4, 5, 30, '30', 'Introducción a la Operación de Investigaciones ', 1),
(1, 4, 5, 31, '31', 'Operaciones Básicas II', 1),
(1, 4, 5, 32, '32', 'Física IV', 1),
(1, 4, 5, 33, '33', 'Fisicoquímica II', 1),
(1, 4, 5, 34, '34', 'Seguridad e Higiene Laboral', 1),
(1, 4, 5, 35, '35', 'Epistemologías de la Investigación II', 1),
(1, 4, 6, 36, '36', 'Biología General', 1),
(1, 4, 6, 37, '37', 'Ecología I', 1),
(1, 4, 6, 38, '38', 'Informática ', 1),
(1, 4, 6, 39, '39', 'Ambiente y Sociedad', 1),
(1, 4, 6, 40, '40', 'Geología ', 1),
(1, 4, 6, 41, '41', 'Introducción a la ingeniería ambiental ', 1),
(1, 4, 6, 42, '42', 'Bioestadística ', 1),
(1, 4, 7, 43, '43', 'Biodiversidad', 1),
(1, 4, 7, 44, '44', 'Ecología II', 1),
(1, 4, 7, 45, '45', 'Microbiología Ambiental', 1),
(1, 4, 7, 46, '46', 'Idioma Extranjero I', 1),
(1, 4, 7, 47, '47', 'Sistema de Información Geográfica', 1),
(1, 4, 7, 48, '48', 'Meteorología y Climatología ', 1),
(1, 4, 8, 49, '49', 'Idioma Extranjero II', 1),
(1, 4, 8, 50, '50', 'Legislación Ambiental', 1),
(1, 4, 8, 51, '51', 'Química Ecológica ', 1),
(1, 4, 8, 52, '52', 'Contaminación', 1),
(1, 4, 8, 53, '53', 'Procesos Tecnológicos de depuración y recuperación de agua I', 1),
(1, 4, 8, 54, '54', 'Recursos Naturales', 1),
(1, 4, 9, 55, '55', 'Calidad Ambiental', 1),
(1, 4, 9, 56, '56', 'Procesos tecnológicos de tratamiento y recuperación de residuos', 1),
(1, 4, 9, 57, '57', 'Manejo de Cuencas', 1),
(1, 4, 9, 58, '58', 'Economía Ambiental ', 1),
(1, 4, 9, 59, '59', 'Toxicología y Salud Pública ', 1),
(1, 4, 9, 60, '60', 'Biotecnología Ambiental ', 1),
(1, 4, 10, 61, '61', 'Ordenamiento Territorial', 1),
(1, 4, 10, 62, '62', 'Evaluación del Impacto Ambiental I ', 1),
(1, 4, 10, 63, '63', 'Tecnología Energética ', 1),
(1, 4, 10, 64, '64', 'Planificación y Gestión Ambiental ', 1),
(1, 4, 10, 65, '65', 'Sustentabilidad y Educación Ambiental ', 1),
(1, 4, 11, 66, '66', 'Seminario de tesis', 1),
(1, 4, 11, 67, '67', 'Evaluación del Impacto Ambiental II', 1),
(1, 4, 11, 68, '68', 'Evaluación de riesgos', 1),
(1, 4, 11, 69, '69', 'Proyectos ambientales', 1),
(1, 4, 11, 70, '70', 'Auditoria Ambiental ', 1),
(1, 5, 1, 1, '1', 'Química', 1),
(1, 5, 1, 2, '2', 'Castellano', 1),
(1, 5, 1, 3, '3', 'Guaraní', 1),
(1, 5, 1, 4, '4', 'Historia y Geografía Paraguaya', 1),
(1, 5, 1, 5, '5', 'Física', 1),
(1, 5, 1, 6, '6', 'Aritmética y Trigonometría', 1),
(1, 5, 1, 7, '7', 'Geometría', 1),
(1, 5, 1, 8, '8', 'Algebra', 1),
(1, 6, 1, 1, '1', 'Química', 1),
(1, 6, 1, 2, '2', 'Castellano', 1),
(1, 6, 1, 3, '3', 'Guaraní', 1),
(1, 6, 1, 4, '4', 'Historia y Geografía Paraguaya', 1),
(1, 6, 1, 5, '5', 'Física', 1),
(1, 6, 1, 6, '6', 'Aritmética y Trigonometría', 1),
(1, 6, 1, 7, '7', 'Geometría', 1),
(1, 6, 1, 8, '8', 'Algebra', 1),
(1, 6, 1, 9, '9', 'Computación', 1),
(2, 1, 1, 1, '1', 'asignatura de muestra 1', 1),
(2, 1, 1, 2, '2', 'asignatura de muestra 2', 1),
(2, 1, 2, 3, '3', 'asignatura de muestra 3', 1);

-- --------------------------------------------------------

--
-- Estructura de tabla para la tabla `bachilleratos`
--

CREATE TABLE IF NOT EXISTS `bachilleratos` (
  `id_bachillerato` int(11) NOT NULL,
  `bachillerato` varchar(100) DEFAULT NULL
) ENGINE=InnoDB DEFAULT CHARSET=latin1;

-- --------------------------------------------------------

--
-- Estructura de tabla para la tabla `carreras`
--

CREATE TABLE IF NOT EXISTS `carreras` (
  `id_facultad` int(11) NOT NULL,
  `id_carrera` int(11) NOT NULL,
  `codigo` varchar(10) DEFAULT NULL,
  `carrera` varchar(100) DEFAULT NULL,
  `tipo` varchar(10) DEFAULT NULL,
  `estado` tinyint(1) DEFAULT NULL
) ENGINE=InnoDB DEFAULT CHARSET=latin1;

--
-- Volcado de datos para la tabla `carreras`
--

INSERT INTO `carreras` (`id_facultad`, `id_carrera`, `codigo`, `carrera`, `tipo`, `estado`) VALUES
(1, 1, NULL, 'Lic. en Electrónica', NULL, 1),
(1, 2, NULL, 'Lic. en Informática Empresarial', NULL, 1),
(1, 3, NULL, 'Lic. en Ciencias y Tecnología de la Producción Aplicada a los Alimentos', NULL, 1),
(1, 4, NULL, 'Ingeniería Ambiental', NULL, 1),
(1, 5, NULL, 'Ingeniería en alimentos', NULL, 1),
(1, 6, NULL, 'Técnico Superior en Electricidad', NULL, 1),
(2, 1, '1', 'Carrera de muestra', 'Semestral', 1);

-- --------------------------------------------------------

--
-- Estructura de tabla para la tabla `ciudades`
--

CREATE TABLE IF NOT EXISTS `ciudades` (
  `id_pais` int(11) NOT NULL,
  `id_departamento` int(11) NOT NULL,
  `id_ciudad` int(11) NOT NULL,
  `ciudad` varchar(60) DEFAULT NULL
) ENGINE=InnoDB DEFAULT CHARSET=latin1;

-- --------------------------------------------------------

--
-- Estructura de tabla para la tabla `colegios`
--

CREATE TABLE IF NOT EXISTS `colegios` (
  `id_pais` int(11) NOT NULL,
  `id_departamento` int(11) NOT NULL,
  `id_ciudad` int(11) NOT NULL,
  `id_colegio` int(11) NOT NULL,
  `colegio` varchar(100) DEFAULT NULL,
  `direccion` varchar(100) DEFAULT NULL,
  `telefono` varchar(15) DEFAULT NULL
) ENGINE=InnoDB DEFAULT CHARSET=latin1;

-- --------------------------------------------------------

--
-- Estructura de tabla para la tabla `configuraciones`
--

CREATE TABLE IF NOT EXISTS `configuraciones` (
  `id_facultad` int(11) NOT NULL,
  `pp_minimo` varchar(3) DEFAULT NULL,
  `fecha` datetime DEFAULT NULL
) ENGINE=InnoDB DEFAULT CHARSET=latin1;

-- --------------------------------------------------------

--
-- Estructura de tabla para la tabla `convalidaciones`
--

CREATE TABLE IF NOT EXISTS `convalidaciones` (
  `id_facultad` int(11) NOT NULL,
  `id_carrera` int(11) NOT NULL,
  `id_curso` int(11) NOT NULL,
  `id_asignatura` int(11) NOT NULL,
  `id_curso2` int(11) NOT NULL,
  `id_asignatura2` int(11) NOT NULL,
  `estado` varchar(45) DEFAULT NULL
) ENGINE=InnoDB DEFAULT CHARSET=latin1;

-- --------------------------------------------------------

--
-- Estructura de tabla para la tabla `correlatividades`
--

CREATE TABLE IF NOT EXISTS `correlatividades` (
  `id_facultad` int(11) NOT NULL,
  `id_carrera` int(11) NOT NULL,
  `id_curso1` int(11) NOT NULL,
  `id_asignatura1` int(11) NOT NULL,
  `id_curso2` int(11) NOT NULL,
  `id_asignatura2` int(11) NOT NULL,
  `estado` tinyint(1) DEFAULT NULL
) ENGINE=InnoDB DEFAULT CHARSET=latin1;

--
-- Volcado de datos para la tabla `correlatividades`
--

INSERT INTO `correlatividades` (`id_facultad`, `id_carrera`, `id_curso1`, `id_asignatura1`, `id_curso2`, `id_asignatura2`, `estado`) VALUES
(1, 3, 3, 16, 1, 7, 1),
(1, 3, 3, 16, 2, 11, 1),
(1, 3, 3, 21, 1, 7, 1),
(1, 4, 3, 16, 2, 11, 1),
(1, 4, 3, 18, 2, 15, 1),
(1, 4, 3, 19, 2, 10, 1),
(1, 4, 3, 20, 2, 14, 1),
(1, 4, 4, 25, 2, 15, 1),
(1, 4, 4, 25, 3, 18, 1);

-- --------------------------------------------------------

--
-- Estructura de tabla para la tabla `correos`
--

CREATE TABLE IF NOT EXISTS `correos` (
  `id_persona` int(11) NOT NULL,
  `id_correo` int(11) NOT NULL,
  `correo` varchar(50) DEFAULT NULL,
  `predeterminado` tinyint(1) DEFAULT NULL
) ENGINE=InnoDB DEFAULT CHARSET=latin1;

-- --------------------------------------------------------

--
-- Estructura de tabla para la tabla `cursos`
--

CREATE TABLE IF NOT EXISTS `cursos` (
  `id_facultad` int(11) NOT NULL,
  `id_carrera` int(11) NOT NULL,
  `id_curso` int(11) NOT NULL,
  `curso` varchar(45) DEFAULT NULL,
  `tipo_curso` varchar(15) DEFAULT NULL,
  `estado` tinyint(1) DEFAULT NULL
) ENGINE=InnoDB DEFAULT CHARSET=latin1;

--
-- Volcado de datos para la tabla `cursos`
--

INSERT INTO `cursos` (`id_facultad`, `id_carrera`, `id_curso`, `curso`, `tipo_curso`, `estado`) VALUES
(1, 1, 1, 'CPI', 'cpi', 1),
(1, 1, 2, 'Primer', 'Impar', 1),
(1, 1, 3, 'Segundo', 'Par', 1),
(1, 1, 4, 'Tercer', 'Impar', 1),
(1, 1, 5, 'Cuarto', 'Par', 1),
(1, 1, 6, 'Quinto', 'Impar', 1),
(1, 1, 7, 'Sexto', 'Par', 1),
(1, 1, 8, 'Septimo', 'Impar', 1),
(1, 1, 9, 'Octavo', 'Par', 1),
(1, 2, 1, 'CPI', 'cpi', 1),
(1, 2, 2, 'Primer', 'Impar', 1),
(1, 2, 3, 'Segundo', 'Par', 1),
(1, 2, 4, 'Tercer', 'Impar', 1),
(1, 2, 5, 'Cuarto', 'Par', 1),
(1, 2, 6, 'Quinto', 'Impar', 1),
(1, 2, 7, 'Sexto', 'Par', 1),
(1, 2, 8, 'Septimo', 'Impar', 1),
(1, 2, 9, 'Octavo', 'Par', 1),
(1, 3, 1, 'CPI', 'cpi', 1),
(1, 3, 2, 'Primer', 'Impar', 1),
(1, 3, 3, 'Segundo', 'Par', 1),
(1, 3, 4, 'Tercer', 'Impar', 1),
(1, 3, 5, 'Cuarto', 'Par', 1),
(1, 3, 6, 'Quinto', 'Impar', 1),
(1, 3, 7, 'Sexto', 'Par', 1),
(1, 3, 8, 'Septimo', 'Impar', 1),
(1, 3, 9, 'Octavo', 'Par', 1),
(1, 4, 1, 'CPI', 'cpi', 1),
(1, 4, 2, 'Primer', 'Impar', 1),
(1, 4, 3, 'Segundo', 'Par', 1),
(1, 4, 4, 'Tercer', 'Impar', 1),
(1, 4, 5, 'Cuarto', 'Par', 1),
(1, 4, 6, 'Quinto', 'Impar', 1),
(1, 4, 7, 'Sexto', 'Par', 1),
(1, 4, 8, 'Septimo', 'Impar', 1),
(1, 4, 9, 'Octavo', 'Par', 1),
(1, 4, 10, 'Noveno', 'Impar', 1),
(1, 4, 11, 'Decimo', 'Par', 1),
(1, 5, 1, 'CPI', 'cpi', 1),
(1, 5, 2, 'Primer', 'Impar', 1),
(1, 5, 3, 'Segundo', 'Par', 1),
(1, 5, 4, 'Tercer', 'Impar', 1),
(1, 5, 5, 'Cuarto', 'Par', 1),
(1, 5, 6, 'Quinto', 'Impar', 1),
(1, 5, 7, 'Sexto', 'Par', 1),
(1, 5, 8, 'Septimo', 'Impar', 1),
(1, 5, 9, 'Octavo', 'Par', 1),
(1, 5, 10, 'Noveno', 'Impar', 1),
(1, 5, 11, 'Decimo', 'Par', 1),
(1, 6, 1, 'CPI', 'cpi', 1),
(1, 6, 2, 'Primer', 'Impar', 1),
(1, 6, 3, 'Segundo', 'Par', 1),
(1, 6, 4, 'Tercer', 'Impar', 1),
(1, 6, 5, 'Cuarto', 'Par', 1),
(1, 6, 6, 'Quinto', 'Impar', 1),
(1, 6, 7, 'Sexto', 'Par', 1),
(2, 1, 1, 'curso de muestra', 'cpi', 1),
(2, 1, 2, 'curso de muestra2', 'Impar', 1);

-- --------------------------------------------------------

--
-- Estructura de tabla para la tabla `departamentos`
--

CREATE TABLE IF NOT EXISTS `departamentos` (
  `id_pais` int(11) NOT NULL,
  `id_departamento` int(11) NOT NULL,
  `departamento` varchar(45) DEFAULT NULL
) ENGINE=InnoDB DEFAULT CHARSET=latin1;

-- --------------------------------------------------------

--
-- Estructura de tabla para la tabla `detalles_evaluacion`
--

CREATE TABLE IF NOT EXISTS `detalles_evaluacion` (
  `periodo` int(11) NOT NULL,
  `facultad` int(11) NOT NULL,
  `sede` int(11) NOT NULL,
  `carrera` int(11) NOT NULL,
  `curso` int(11) NOT NULL,
  `asignatura` int(11) NOT NULL,
  `oportunidad` int(11) NOT NULL,
  `persona` int(11) NOT NULL,
  `calificacion` int(11) DEFAULT NULL
) ENGINE=InnoDB DEFAULT CHARSET=latin1;

-- --------------------------------------------------------

--
-- Estructura de tabla para la tabla `detalles_inscripcion`
--

CREATE TABLE IF NOT EXISTS `detalles_inscripcion` (
  `id_periodo` int(11) NOT NULL,
  `id_facultad` int(11) NOT NULL,
  `id_sede` int(11) NOT NULL,
  `id_carrera` int(11) NOT NULL,
  `id_curso` int(11) NOT NULL,
  `id_asignatura` int(11) NOT NULL,
  `id_persona` int(11) NOT NULL,
  `asistente` int(11) DEFAULT NULL COMMENT 'Hace referencia a la persona que asistió en la inscripción.',
  `convalidado` tinyint(1) DEFAULT '0',
  `parcial` varchar(3) DEFAULT NULL,
  `asistencia` varchar(3) DEFAULT NULL,
  `fecha` datetime DEFAULT NULL,
  `estado` varchar(15) DEFAULT NULL,
  `detalles_inscripcioncol` varchar(45) DEFAULT NULL
) ENGINE=InnoDB DEFAULT CHARSET=latin1;

-- --------------------------------------------------------

--
-- Estructura de tabla para la tabla `detalles_periodo_academico`
--

CREATE TABLE IF NOT EXISTS `detalles_periodo_academico` (
  `id_facultad` int(11) NOT NULL,
  `id_sede` int(11) NOT NULL,
  `id_carrera` int(11) NOT NULL,
  `id_semestre` int(11) NOT NULL,
  `anho` int(11) NOT NULL,
  `id_tipo_inscripcion` int(11) NOT NULL,
  `fecha` date DEFAULT NULL
) ENGINE=InnoDB DEFAULT CHARSET=latin1;

-- --------------------------------------------------------

--
-- Estructura de tabla para la tabla `docentes`
--

CREATE TABLE IF NOT EXISTS `docentes` (
  `id_facultad` int(11) NOT NULL,
  `id_sede` int(11) NOT NULL,
  `id_carrera` int(11) NOT NULL,
  `id_semestre` int(11) NOT NULL,
  `id_asignatura` int(11) NOT NULL,
  `anho` int(11) NOT NULL,
  `id_persona` int(11) NOT NULL,
  `id_tipo_docente` int(11) NOT NULL
) ENGINE=InnoDB DEFAULT CHARSET=latin1;

-- --------------------------------------------------------

--
-- Estructura de tabla para la tabla `documentos`
--

CREATE TABLE IF NOT EXISTS `documentos` (
  `id_persona` int(11) NOT NULL,
  `id_tipo_documento` int(11) DEFAULT NULL,
  `documento` varchar(15) DEFAULT NULL
) ENGINE=InnoDB DEFAULT CHARSET=latin1;

--
-- Volcado de datos para la tabla `documentos`
--

INSERT INTO `documentos` (`id_persona`, `id_tipo_documento`, `documento`) VALUES
(1, 1, '3602267'),
(2, 1, '3635710'),
(3, 1, '4784851'),
(5, 1, '3997361'),
(7, 1, '3179320'),
(10, 1, '5067102'),
(13, 1, '4841795'),
(16, 2, '23096324'),
(17, 1, '3463326'),
(20, 1, '3936422'),
(21, 1, '1589885'),
(22, 1, '1025434'),
(23, 1, '5717994'),
(24, 1, '2868963'),
(25, 1, '1180501'),
(26, 1, '3602850'),
(27, 1, '3827391'),
(28, 1, '4492835'),
(29, 1, '3718349'),
(30, 1, '919300'),
(31, 1, '1822725'),
(32, 1, '4211463'),
(33, 1, '5077640'),
(34, 1, '1277140'),
(35, 1, '4665368'),
(36, 1, '43082170'),
(37, 1, '4962275'),
(38, 1, '3026682'),
(41, 1, '3502900'),
(42, 1, '3877253'),
(43, 1, '3844745'),
(44, 1, '4318084'),
(45, 1, '807097'),
(46, 1, '810450'),
(47, 1, '3671852'),
(48, 1, '3633491'),
(49, 1, '814019'),
(50, 1, '4546414'),
(51, 1, '5589416'),
(52, 1, '4018600'),
(54, 1, '1309433'),
(55, 1, '5551547'),
(56, 1, '3461623'),
(57, 1, '5055774'),
(58, 1, '4740417'),
(59, 2, '00000000'),
(60, 1, '1433279'),
(61, 1, '5273993'),
(62, 1, '4037529'),
(63, 1, '5485385'),
(64, 1, '4046772'),
(67, 1, '1643276'),
(68, 1, '2584885'),
(69, 1, '5553442'),
(70, 1, '3636457'),
(71, 1, '1977480'),
(72, 1, '4812290'),
(73, 1, '841146'),
(74, 1, '905057'),
(75, 1, '3759691'),
(76, 1, '3582629'),
(77, 1, '2293771'),
(78, 1, '1179627'),
(79, 1, '4073167'),
(80, 1, '2284764'),
(81, 1, '1337379'),
(82, 1, '3730908'),
(83, 1, '1082082'),
(84, 1, '1288891'),
(85, 1, '4259290'),
(86, 1, '3853919'),
(87, 1, '3319266'),
(88, 1, '2976340'),
(89, 1, '3784195'),
(90, 1, '850336'),
(91, 1, '679067'),
(92, 1, '4565497'),
(93, 1, '1411865'),
(94, 1, '2257588'),
(95, 1, '3567296'),
(96, 1, '2404706'),
(97, 1, '1411866'),
(98, 1, '5246180'),
(99, 1, '1723600'),
(100, 1, '1791279'),
(101, 1, '5578737'),
(102, 1, '2472239'),
(103, 1, '1141004'),
(104, 1, '3877242'),
(105, 1, '5556999'),
(106, 1, '763528'),
(107, 1, '1235089'),
(109, 1, '4318134'),
(111, 1, '108'),
(112, 1, '109'),
(113, 1, '3635716'),
(114, 1, '4875544'),
(115, 1, '1520486'),
(116, 1, '1140501'),
(117, 1, '3718387'),
(118, 1, '4152890'),
(119, 1, '741654'),
(120, 1, '850314'),
(121, 1, '4824583'),
(122, 1, '1413709'),
(123, 1, '1195143'),
(124, 1, '3628213'),
(125, 1, '5120936'),
(126, 1, '3724275'),
(127, 1, '2278347'),
(128, 1, '4571721'),
(129, 1, '1221769'),
(130, 1, '1498555'),
(131, 1, '4392408'),
(132, 1, '2144153'),
(133, 1, '1003165'),
(134, 1, '4152664'),
(136, 1, '793854'),
(137, 1, '4915314'),
(138, 1, '949479'),
(139, 1, '673043'),
(140, 1, '4026284'),
(141, 1, '1143005'),
(142, 1, '908761'),
(143, 1, '3633497'),
(144, 1, '5468705'),
(145, 1, '3230948'),
(146, 1, '4113390'),
(147, 1, '6141954'),
(148, 1, '1433251'),
(149, 1, '1038149'),
(150, 1, '4075121'),
(151, 1, '771223'),
(152, 1, '552664'),
(153, 1, '3847972'),
(154, 1, '767557'),
(155, 1, '1883210'),
(156, 1, '3648856'),
(157, 1, '1263411'),
(158, 1, '1263415'),
(159, 1, '3400856'),
(160, 1, '642945'),
(161, 1, '774080'),
(162, 1, '4112371'),
(164, 1, '5183680'),
(165, 1, '3623670'),
(168, 1, '4019075'),
(169, 1, '1716775'),
(170, 1, '1434614'),
(171, 1, '3636864'),
(174, 1, '678043'),
(175, 1, '3932811'),
(176, 1, '1350451'),
(177, 1, '1216238'),
(178, 1, '4109067'),
(179, 1, '905216'),
(180, 1, '2157052'),
(181, 1, '3972423'),
(182, 1, '5893428'),
(185, 1, '3630485'),
(186, 1, '1501114'),
(187, 1, '3975767'),
(188, 1, '4972011'),
(189, 1, '3665354'),
(190, 1, '4482967'),
(191, 1, '1160145'),
(192, 1, '641684'),
(194, 1, '5192693'),
(197, 1, '4076545'),
(198, 1, '5085357'),
(201, 1, '3897983'),
(202, 1, '3978382'),
(203, 1, '5654204'),
(204, 1, '5180689'),
(205, 1, '6553579'),
(206, 1, '4779204'),
(208, 1, '3760996'),
(209, 1, '5552099'),
(210, 1, '4722537'),
(211, 1, '4018439'),
(212, 1, '3209535'),
(213, 1, '4004192'),
(214, 1, '4386574'),
(215, 1, '4504087'),
(216, 1, '3514076'),
(217, 1, '3209597'),
(218, 1, '3788047'),
(219, 2, '34758015'),
(220, 1, '14564654'),
(221, 1, '5485386'),
(224, 1, '5039954'),
(225, 1, '3570304'),
(226, 1, '3955822'),
(227, 1, '5226977'),
(228, 1, '4154548'),
(229, 1, '3514064'),
(230, 1, '3965030'),
(231, 1, '3804166'),
(232, 1, '1618278'),
(233, 1, '1064004'),
(234, 1, '3635863'),
(235, 1, '3443363'),
(236, 1, '3662793'),
(237, 1, '4083215'),
(238, 1, '5248940'),
(239, 1, '4875529'),
(240, 1, '4113600'),
(241, 1, '4104265'),
(242, 1, '3321241'),
(243, 1, '3964179'),
(244, 1, '3766231'),
(247, 1, '4819280'),
(250, 1, '4357918'),
(251, 1, '4665106'),
(252, 1, '4748020'),
(253, 1, '5380764'),
(254, 1, '3289687'),
(257, 1, '5553751'),
(258, 1, '4118289'),
(259, 1, '4188884'),
(262, 1, '5534278'),
(263, 1, '5328550'),
(266, 1, '3923260'),
(267, 1, '3477936'),
(268, 1, '3198565'),
(269, 1, '4073186'),
(271, 1, '5082377'),
(272, 1, '4173890'),
(273, 1, '5729078'),
(274, 1, '4696923'),
(277, 1, '4049522'),
(278, 1, '5257515'),
(279, 1, '4704504'),
(280, 1, '2135297'),
(281, 1, '5226978'),
(282, 1, '3237954'),
(283, 1, '4881220'),
(284, 1, '3718916'),
(285, 1, '3355003'),
(286, 1, '3997330'),
(287, 1, '3757907'),
(288, 1, '4653334'),
(289, 1, '3705670'),
(290, 1, '3542789'),
(291, 1, '3826052'),
(292, 1, '4118349'),
(293, 1, '4325136'),
(294, 1, '4771253'),
(295, 1, '3173196'),
(296, 1, '3400119'),
(297, 1, '3413122'),
(298, 1, '4223026'),
(299, 1, '4903637'),
(300, 1, '3403610'),
(301, 1, '2973379'),
(302, 1, '5296920'),
(303, 1, '4685821'),
(304, 1, '3259834'),
(305, 1, '3471427'),
(306, 1, '5884810'),
(307, 1, '5257533'),
(308, 1, '3613169'),
(309, 1, '4823532'),
(310, 1, '3200129'),
(311, 1, '3272087'),
(312, 1, '4747502'),
(313, 1, '3707281'),
(314, 1, '35729928'),
(315, 1, '4249286'),
(316, 1, '5325574'),
(317, 1, '3919289'),
(318, 1, '3759599'),
(319, 1, '3721073'),
(320, 1, '5242040'),
(321, 1, '3199463'),
(322, 1, '4356575'),
(323, 1, '3400129'),
(324, 1, '5270017'),
(325, 1, '40037529'),
(326, 1, '4734668'),
(327, 1, '3815115'),
(328, 1, '4429923'),
(329, 1, '5436696'),
(330, 1, '3481616'),
(331, 1, '4101605'),
(332, 1, '4194738'),
(333, 1, '3708428'),
(334, 1, '3852985'),
(335, 1, '3842241'),
(336, 1, '3493123'),
(337, 1, '3675443'),
(338, 1, '4308217'),
(339, 1, '5501636'),
(340, 1, '4331131'),
(341, 1, '3471948'),
(342, 1, '4972380'),
(343, 1, '4905970'),
(344, 1, '3262029'),
(345, 1, '1528496'),
(346, 1, '3947941'),
(347, 1, '5263133'),
(348, 1, '4965572'),
(349, 1, '3395859'),
(350, 1, '4204774'),
(351, 1, '2680736'),
(352, 1, '5520286'),
(353, 1, '3389523'),
(354, 1, '3787504'),
(355, 1, '4091829'),
(356, 1, '4678531'),
(357, 1, '4023035'),
(358, 1, '4604802'),
(359, 1, '3917124'),
(360, 1, '4903612'),
(361, 1, '3835613'),
(362, 1, '4113247'),
(363, 2, '36626468'),
(364, 1, '4159193'),
(365, 1, '3593331'),
(366, 1, '5328569'),
(367, 1, '5363512'),
(368, 1, '1970673'),
(369, 1, '4118530'),
(370, 1, '4843100'),
(371, 1, '4852025'),
(372, 1, '4771923'),
(373, 1, '5453451'),
(374, 1, '3992490'),
(375, 1, '401622882'),
(376, 1, '4384261'),
(377, 1, '5140537'),
(378, 1, '3469512'),
(379, 1, '4604978'),
(380, 1, '4189889'),
(381, 1, '4687642'),
(382, 1, '4112473'),
(383, 1, '4234404'),
(384, 1, '3682843'),
(385, 1, '3822522'),
(386, 1, '5247293'),
(387, 1, '4073912'),
(388, 1, '3387162'),
(389, 1, '5884293'),
(390, 1, '5274041'),
(391, 1, '5553302'),
(392, 1, '4276781'),
(393, 1, '3793639'),
(394, 1, '3672396'),
(395, 1, '3230719'),
(396, 1, '5054866'),
(397, 1, '3416559'),
(398, 1, '3416566'),
(399, 1, '4022849'),
(400, 1, '3603744'),
(401, 1, '3806242'),
(402, 1, '5311236'),
(403, 1, '5372036'),
(404, 1, '4758056'),
(405, 1, '3837313'),
(406, 1, '3264852'),
(407, 1, '3513543'),
(408, 1, '3565243'),
(409, 1, '5601294'),
(410, 1, '3842274'),
(411, 1, '3403750'),
(412, 1, '4810314'),
(413, 1, '4041244'),
(414, 1, '3922087'),
(415, 1, '3393120'),
(416, 1, '4845514'),
(417, 1, '3662756'),
(418, 1, '3815011'),
(419, 1, '5489322'),
(420, 1, '3594649'),
(421, 1, '3947978'),
(422, 1, '5031118'),
(423, 1, '4113249'),
(424, 1, '3724866'),
(425, 1, '3806016'),
(426, 1, '3471414'),
(427, 1, '3237762'),
(428, 1, '3582894'),
(429, 1, '3300043'),
(430, 1, '5452772'),
(431, 1, '1'),
(432, 1, '3448630'),
(433, 1, '222222222'),
(434, 1, '464646'),
(435, 1, '360272'),
(436, 2, '3602712'),
(437, 1, '36027213'),
(438, 1, '4852014'),
(439, 1, '5581262'),
(440, 1, '3922481'),
(441, 1, '4112995'),
(442, 1, '5026594'),
(443, 1, '2097127'),
(444, 1, '5222006'),
(445, 1, '5062723'),
(446, 1, '3602282'),
(447, 1, '121212'),
(448, 1, '131313'),
(449, 1, '3617984'),
(450, 1, '3473502'),
(451, 1, '4918156'),
(452, 2, '37272468'),
(453, 1, '4472675'),
(454, 1, '4532373'),
(455, 1, '3976171'),
(456, 1, '5062627'),
(457, 1, '4011992'),
(458, 2, '36268048'),
(459, 1, '6015287'),
(460, 1, '5249234'),
(461, 1, '4881206'),
(462, 1, '3466522'),
(463, 1, '4788914'),
(464, 1, '5232191'),
(465, 1, '4014964'),
(466, 1, '3392599'),
(467, 1, '5384897'),
(468, 1, '3492068'),
(469, 1, '4355645'),
(470, 1, '3635726'),
(471, 1, '3888365'),
(472, 1, '3973922'),
(473, 1, '4551751'),
(474, 1, '5226295'),
(475, 1, '3486969'),
(476, 1, '2937727'),
(477, 1, '5058807'),
(478, 1, '4283399'),
(479, 1, '3387151'),
(480, 1, '4641455'),
(481, 1, '3445303'),
(482, 1, '2662559'),
(483, 1, '4740563'),
(484, 1, '4701908'),
(485, 1, '4226186'),
(486, 1, '4496983'),
(487, 1, '3445297'),
(488, 1, '5166925'),
(489, 1, '4015903'),
(490, 1, '3536064'),
(491, 1, '5053082'),
(492, 1, '4950294'),
(493, 1, '3570317'),
(494, 1, '6271188'),
(495, 1, '5059185'),
(496, 1, '5362278'),
(497, 1, '5787080'),
(498, 1, '4098728'),
(499, 1, '4003469'),
(500, 1, '4678450'),
(501, 1, '3906935'),
(502, 1, '3250973'),
(503, 1, '3571029'),
(504, 1, '3276121'),
(505, 1, '2582418'),
(506, 1, '3473028'),
(507, 1, '4914187'),
(508, 1, '3447635'),
(509, 1, '3639145'),
(510, 1, '4735923'),
(511, 1, '5226246'),
(512, 1, '4879918'),
(513, 1, '4209845'),
(514, 1, '4227921'),
(515, 1, '4300506'),
(516, 1, '5249270'),
(517, 1, '3714659'),
(518, 1, '3628559'),
(519, 1, '3613179'),
(520, 1, '3400168'),
(521, 1, '3692899'),
(522, 1, '3252133'),
(523, 1, '2225366'),
(524, 1, '4302961'),
(525, 1, '3499598'),
(526, 1, '37667754'),
(527, 1, '4041318'),
(528, 1, '4953344'),
(529, 1, '3502882'),
(530, 1, '5133168'),
(531, 1, '4744031'),
(532, 1, '5958406'),
(533, 1, '3997084'),
(534, 1, '4229334'),
(535, 1, '5561905'),
(536, 1, '5362297'),
(537, 1, '4237694'),
(538, 1, '4546846'),
(539, 1, '4532920'),
(540, 1, '3560578'),
(541, 1, '4205989'),
(542, 1, '5150213'),
(543, 1, '5015175'),
(544, 1, '4960130'),
(545, 1, '4037643'),
(546, 1, '4875705'),
(547, 1, '4991030'),
(548, 1, '4505560'),
(571, 1, '3505675'),
(572, 1, '5246029'),
(573, 1, '3446857'),
(574, 1, '2006303'),
(575, 1, '4847355'),
(576, 1, '6569786'),
(577, 1, '4497374'),
(578, 1, '4935826'),
(579, 1, '5177109'),
(580, 1, '5485872'),
(581, 1, '5039805'),
(582, 1, '5038868'),
(583, 1, '6147911'),
(584, 1, '4603899'),
(585, 1, '4112248'),
(586, 1, '3760065'),
(587, 1, '5074579'),
(588, 1, '5955915'),
(589, 1, '4318086'),
(590, 1, '5257431'),
(591, 1, '5133445'),
(592, 1, '7132720'),
(593, 1, '4420340'),
(594, 1, '5571214'),
(595, 1, '3709838'),
(596, 1, '5507374'),
(597, 1, '5143327'),
(598, 1, '5560369'),
(599, 1, '4479815'),
(600, 1, '4458737'),
(601, 1, '4861586'),
(602, 1, '5363120'),
(603, 1, '5178240'),
(604, 1, '4113294'),
(605, 1, '5716010'),
(606, 1, '5620003'),
(607, 1, '4439181'),
(608, 1, '4226002'),
(609, 2, '37024447'),
(610, 1, '4135350'),
(611, 1, '4731832'),
(612, 1, '5249166'),
(613, 1, '5655990'),
(614, 1, '4471703'),
(615, 1, '4574718'),
(616, 1, '4590552'),
(617, 1, '4404547'),
(618, 1, '5129805'),
(619, 1, '6619469'),
(620, 1, '5013225'),
(621, 1, '4018484'),
(622, 1, '6823251'),
(623, 1, '6600723'),
(624, 1, '6309162'),
(625, 1, '4815605'),
(626, 1, '4572603'),
(627, 1, '5484661'),
(628, 1, '4211604'),
(629, 1, '4015038'),
(630, 1, '5105785'),
(631, 1, '4410021'),
(632, 1, '4764040'),
(633, 1, '4950021'),
(634, 1, '5817652'),
(635, 1, '5496239'),
(636, 1, '5087504'),
(637, 1, '5090726'),
(638, 1, '5416434'),
(639, 1, '4406965'),
(640, 1, '4074158'),
(641, 1, '3714770'),
(642, 1, '4950035'),
(643, 1, '6225888'),
(644, 1, '3779787'),
(645, 1, '4387504'),
(646, 1, '5807883'),
(647, 1, '4364867'),
(648, 1, '6098111'),
(649, 1, '4025792'),
(650, 1, '4250753'),
(651, 1, '34332708'),
(652, 1, '6301575'),
(653, 1, '5915293'),
(654, 1, '5623311'),
(655, 1, '4948982'),
(656, 1, '4775002'),
(657, 1, '3992388'),
(658, 1, '4276872'),
(659, 1, '5667848'),
(660, 1, '4488158'),
(661, 1, '4192387'),
(662, 1, '3927253'),
(663, 1, '5928378'),
(664, 1, '5132159'),
(665, 1, '4600249'),
(666, 1, '4881425'),
(667, 1, '7385943'),
(668, 1, '4179496'),
(669, 1, '4879811'),
(670, 1, '4015152'),
(671, 1, '4574871'),
(672, 1, '5510569'),
(673, 1, '6015271'),
(674, 1, '3996235'),
(675, 1, '5212299'),
(676, 1, '4227417'),
(677, 1, '5082376'),
(678, 1, '4177147'),
(679, 1, '6035638'),
(680, 1, '5231832'),
(681, 1, '4595862'),
(682, 1, '4961599'),
(683, 1, '6022343'),
(684, 1, '5077411'),
(685, 1, '4101713'),
(686, 1, '3713745'),
(687, 1, '4072871'),
(688, 1, '5042725'),
(689, 1, '4244915'),
(690, 1, '3947285'),
(691, 1, '4549302'),
(692, 1, '2076193'),
(693, 1, '4022955'),
(694, 1, '4209794'),
(695, 1, '5752332'),
(696, 1, '5195614'),
(697, 1, '3876843'),
(698, 1, '6532685'),
(699, 1, '3996245'),
(700, 1, '4211530'),
(701, 1, '4296973'),
(702, 1, '3859562'),
(703, 1, '5235962'),
(704, 1, '4159007'),
(705, 1, '3751391'),
(706, 1, '4546508'),
(707, 1, '4949340'),
(708, 1, '3824295'),
(709, 1, '3949734'),
(710, 1, '5022941'),
(711, 1, '5304430'),
(712, 1, '4005721'),
(713, 1, '4706164'),
(714, 1, '4018610'),
(715, 1, '5889747'),
(716, 1, '4059534'),
(717, 1, '3982256'),
(718, 1, '4678513'),
(719, 1, '5856538'),
(720, 1, '4431607'),
(721, 1, '5520951'),
(722, 2, '38994639'),
(723, 1, '6669317'),
(724, 1, '4646830'),
(725, 1, '3966663'),
(726, 1, '4384250'),
(727, 1, '5622369'),
(728, 1, '7250583'),
(729, 1, '5381511'),
(730, 1, '5213553'),
(731, 1, '4245178'),
(732, 1, '4432159'),
(733, 1, '  4074396'),
(734, 1, '5392298'),
(735, 1, '4073155'),
(736, 1, '5363409'),
(737, 1, '5059184'),
(738, 1, '3877481'),
(739, 1, '5585551'),
(740, 1, '5131552'),
(741, 1, '3775292'),
(742, 1, '3991648'),
(743, 1, '6291113'),
(744, 1, '3844217'),
(745, 1, '4855388'),
(746, 1, '5877556'),
(747, 2, '39460847'),
(748, 1, '4731554'),
(749, 1, '6107695'),
(750, 1, '4633774'),
(751, 1, '5617454'),
(752, 1, '4331951'),
(753, 1, '5055750'),
(754, 1, '5237161'),
(755, 1, '5150099'),
(756, 1, '5060810'),
(757, 1, '5348602'),
(758, 1, '4970086'),
(759, 1, '3422451'),
(760, 1, '5362576'),
(761, 1, '4381548'),
(762, 1, '4275038'),
(763, 1, '4608959'),
(764, 1, '5578163'),
(765, 1, '5916011'),
(766, 1, '5050971'),
(767, 1, '4696885'),
(768, 1, '3979099'),
(769, 1, '4170908'),
(770, 1, '4349624'),
(771, 1, '4353468'),
(772, 1, '4740538'),
(773, 1, '4101581'),
(774, 1, '4794607'),
(775, 1, '5248159'),
(776, 1, '611094'),
(777, 1, '5651909'),
(778, 1, '5608006'),
(779, 1, '4906348'),
(780, 1, '5618985'),
(781, 1, '4684183'),
(782, 1, '5372000'),
(783, 1, '5380606'),
(784, 1, '4532911'),
(785, 1, '6056629'),
(786, 1, '5141961'),
(787, 1, '5883275'),
(788, 1, '4244945'),
(789, 1, '4698224'),
(790, 1, '4670886'),
(791, 1, '4045390'),
(792, 1, '4421379'),
(793, 1, '5077484'),
(794, 1, '4983944'),
(795, 1, '6017407'),
(796, 1, '3641546'),
(797, 1, '5363103'),
(798, 1, '4962340'),
(799, 1, '4045319'),
(800, 1, '6642785'),
(801, 1, '4392427'),
(802, 1, '5200453'),
(803, 1, '4678281'),
(804, 1, '4263556'),
(805, 1, '4961313'),
(806, 1, '3877272'),
(807, 1, '4303298'),
(808, 1, '6611094'),
(809, 1, '4245849'),
(810, 1, '5042807'),
(811, 1, '5153777'),
(812, 1, '5660346'),
(813, 1, '5714508'),
(814, 1, '4009536'),
(815, 1, '4424145'),
(816, 1, '6238489'),
(817, 1, '4447532'),
(818, 1, '5382257'),
(819, 1, '5362257'),
(820, 1, '4324276'),
(821, 1, '5950108'),
(822, 1, '3614134'),
(823, 1, '4948588'),
(824, 1, '5556898'),
(825, 1, '5654187'),
(826, 1, '5131550'),
(827, 1, '3997705'),
(828, 1, '4576644'),
(829, 1, '4897605'),
(830, 1, '4727288'),
(831, 1, '4121186'),
(832, 1, '5525716'),
(833, 1, '5221433'),
(834, 1, '5911245'),
(835, 1, '3759943'),
(836, 1, '5911211'),
(837, 1, '5157163'),
(838, 1, '4220587'),
(839, 1, '3539025'),
(840, 1, '5999991'),
(841, 1, '5140743'),
(842, 1, '3862009'),
(843, 1, '4109994'),
(844, 1, '4659442'),
(845, 1, '3914261'),
(846, 1, '3706018'),
(847, 1, '3863332'),
(848, 1, '3778876'),
(849, 1, '5497047'),
(850, 1, '4711447'),
(851, 1, '3874351'),
(852, 1, '4168470'),
(853, 1, '4031357'),
(854, 1, '2761011'),
(855, 1, '32311334'),
(856, 1, '5212467'),
(857, 1, '4748019'),
(858, 1, '4705159'),
(859, 1, '3593240'),
(860, 1, '4073017'),
(861, 1, '6149943'),
(862, 1, '5150106'),
(863, 1, '5222025'),
(864, 1, '4318088'),
(865, 1, '5008462'),
(866, 1, '4638823'),
(867, 1, '5257726'),
(868, 1, '4758115'),
(869, 1, '2494916'),
(870, 1, '4923020'),
(871, 1, '5373384'),
(872, 1, '6104683'),
(873, 1, '4915711'),
(874, 1, '3772701'),
(875, 1, '5601580'),
(876, 1, '5062762'),
(877, 1, '3757599'),
(878, 1, '4965172'),
(879, 1, '2589617'),
(880, 1, '4942726'),
(881, 1, '47111479'),
(882, 1, '3386183'),
(883, 1, '3772622'),
(884, 1, '6608792'),
(885, 1, '3171129'),
(886, 1, '5538526'),
(887, 1, '5088650'),
(888, 1, '5061628'),
(889, 1, '3502885'),
(890, 1, '4074942'),
(891, 1, '5511810'),
(892, 1, '4992987'),
(893, 1, '36472691'),
(894, 1, '4948079'),
(895, 1, '4420315'),
(896, 1, '4247487'),
(897, 1, '2337758'),
(898, 1, '1313998'),
(899, 1, '36405191'),
(900, 1, '4546847'),
(901, 1, '4546838'),
(902, 1, '3441701'),
(903, 1, '4546577'),
(904, 1, '5757016'),
(905, 1, '3220011'),
(906, 1, '4157143'),
(907, 1, '4410023'),
(908, 1, '4962504'),
(909, 1, '3750474'),
(910, 1, '4183259'),
(911, 1, '3835676'),
(912, 1, '6017792'),
(913, 1, '3740994'),
(914, 1, '4077752'),
(915, 1, '5945304'),
(916, 1, '5945305'),
(917, 1, '4893362'),
(918, 1, '2857695'),
(919, 1, '4889882'),
(920, 1, '4836005'),
(921, 1, '3862046'),
(922, 1, '5622485'),
(923, 1, '4315932'),
(924, 1, '4171636'),
(925, 1, '3662990'),
(926, 1, '3565242'),
(927, 1, '3815101'),
(928, 1, '5750533'),
(929, 1, '3571369'),
(930, 1, '3783834'),
(931, 1, '3512161'),
(932, 1, '3573714'),
(933, 1, '3996332'),
(934, 1, '5587129'),
(935, 1, '35728928'),
(936, 1, '3514032'),
(937, 2, '34614083'),
(938, 1, '5510562'),
(939, 1, '4505329'),
(940, 1, '35328816'),
(941, 1, '5072792'),
(942, 1, '2440690'),
(943, 1, '4403308'),
(944, 1, '4824187'),
(945, 1, '6337257'),
(946, 1, '4041334'),
(947, 1, '4812145'),
(948, 1, '3230629'),
(949, 1, '3490063'),
(950, 1, '4818097'),
(951, 1, '3934578'),
(952, 1, '4861575'),
(953, 1, '3217565'),
(954, 1, '3517566'),
(955, 1, '5101693'),
(956, 1, '3525133'),
(957, 1, '3251893'),
(958, 1, '5494569'),
(959, 1, '3434586'),
(960, 1, '5109365'),
(961, 1, '4356576'),
(962, 1, '3207863'),
(963, 1, '2876034'),
(964, 1, '3584665'),
(965, 1, '3361995'),
(966, 1, '4976067');

-- --------------------------------------------------------

--
-- Estructura de tabla para la tabla `domicilios`
--

CREATE TABLE IF NOT EXISTS `domicilios` (
  `id_persona` int(11) NOT NULL,
  `id_pais` int(11) NOT NULL,
  `id_departamento` int(11) NOT NULL,
  `id_ciudad` int(11) NOT NULL,
  `id_domicilio` int(11) NOT NULL,
  `direccion` varchar(50) DEFAULT NULL,
  `telefono_fijo` varchar(15) DEFAULT NULL,
  `predeterminado` tinyint(1) DEFAULT NULL,
  `fecha` date DEFAULT NULL
) ENGINE=InnoDB DEFAULT CHARSET=latin1;

-- --------------------------------------------------------

--
-- Estructura de tabla para la tabla `evaluaciones`
--

CREATE TABLE IF NOT EXISTS `evaluaciones` (
  `periodo` int(11) NOT NULL,
  `facultad` int(11) NOT NULL,
  `sede` int(11) NOT NULL,
  `carrera` int(11) NOT NULL,
  `curso` int(11) NOT NULL,
  `asignatura` int(11) NOT NULL,
  `oportunidad` int(11) NOT NULL,
  `acta` varchar(45) DEFAULT NULL,
  `fecha` datetime DEFAULT NULL
) ENGINE=InnoDB DEFAULT CHARSET=latin1;

-- --------------------------------------------------------

--
-- Estructura de tabla para la tabla `facultades`
--

CREATE TABLE IF NOT EXISTS `facultades` (
  `id_facultad` int(11) NOT NULL,
  `facultad` varchar(100) DEFAULT NULL,
  `creacion` date DEFAULT NULL
) ENGINE=InnoDB DEFAULT CHARSET=latin1;

--
-- Volcado de datos para la tabla `facultades`
--

INSERT INTO `facultades` (`id_facultad`, `facultad`, `creacion`) VALUES
(1, 'Facultad de Ciencias y Tecnología', '2006-09-12'),
(2, 'Facultad de muestra', '2015-12-04');

-- --------------------------------------------------------

--
-- Estructura de tabla para la tabla `inscripciones`
--

CREATE TABLE IF NOT EXISTS `inscripciones` (
  `id_periodo` int(11) NOT NULL,
  `id_facultad` int(11) NOT NULL,
  `id_sede` int(11) NOT NULL,
  `id_carrera` int(11) NOT NULL,
  `id_curso` int(11) NOT NULL,
  `id_asignatura` int(11) NOT NULL,
  `fecha` datetime DEFAULT NULL,
  `apertura` datetime DEFAULT NULL,
  `cierre` datetime DEFAULT NULL,
  `estado` varchar(15) DEFAULT NULL
) ENGINE=InnoDB DEFAULT CHARSET=latin1;

--
-- Volcado de datos para la tabla `inscripciones`
--

INSERT INTO `inscripciones` (`id_periodo`, `id_facultad`, `id_sede`, `id_carrera`, `id_curso`, `id_asignatura`, `fecha`, `apertura`, `cierre`, `estado`) VALUES
(2015, 1, 1, 4, 1, 1, '2015-12-09 00:00:00', '2015-12-09 00:00:00', '2015-12-09 00:00:00', '1'),
(2015, 1, 1, 4, 1, 2, '2015-12-09 00:00:00', '2015-12-09 00:00:00', '2015-12-09 00:00:00', '1'),
(2015, 1, 1, 4, 1, 3, '2015-12-09 00:00:00', '2015-12-09 00:00:00', '2015-12-09 00:00:00', '1'),
(2015, 1, 1, 4, 1, 4, '2015-12-09 00:00:00', '2015-12-09 00:00:00', '2015-12-09 00:00:00', '1'),
(2015, 1, 1, 4, 1, 5, '2015-12-09 00:00:00', '2015-12-09 00:00:00', '2015-12-09 00:00:00', '1'),
(2015, 1, 1, 4, 1, 6, '2015-12-09 00:00:00', '2015-12-09 00:00:00', '2015-12-09 00:00:00', '1'),
(2015, 1, 1, 4, 1, 7, '2015-12-09 00:00:00', '2015-12-09 00:00:00', '2015-12-09 00:00:00', '1'),
(2015, 1, 1, 4, 1, 8, '2015-12-09 00:00:00', '2015-12-09 00:00:00', '2015-12-09 00:00:00', '1'),
(2015, 1, 1, 4, 2, 9, '2015-12-09 00:00:00', '2015-12-09 00:00:00', '2015-12-09 00:00:00', '1'),
(2015, 1, 1, 4, 2, 10, '2015-12-09 00:00:00', '2015-12-09 00:00:00', '2015-12-09 00:00:00', '1'),
(2015, 1, 1, 4, 2, 11, '2015-12-09 00:00:00', '2015-12-09 00:00:00', '2015-12-09 00:00:00', '1'),
(2015, 1, 1, 4, 2, 12, '2015-12-09 00:00:00', '2015-12-09 00:00:00', '2015-12-09 00:00:00', '1'),
(2015, 1, 1, 4, 2, 13, '2015-12-09 00:00:00', '2015-12-09 00:00:00', '2015-12-09 00:00:00', '1'),
(2015, 1, 1, 4, 2, 14, '2015-12-09 00:00:00', '2015-12-09 00:00:00', '2015-12-09 00:00:00', '1'),
(2015, 1, 1, 4, 2, 15, '2015-12-09 00:00:00', '2015-12-09 00:00:00', '2015-12-09 00:00:00', '1'),
(2015, 1, 1, 4, 4, 23, '2015-12-09 00:00:00', '2015-12-09 00:00:00', '2015-12-09 00:00:00', '1'),
(2015, 1, 1, 4, 4, 24, '2015-12-09 00:00:00', '2015-12-09 00:00:00', '2015-12-09 00:00:00', '1'),
(2015, 1, 1, 4, 4, 25, '2015-12-09 00:00:00', '2015-12-09 00:00:00', '2015-12-09 00:00:00', '1'),
(2015, 1, 1, 4, 4, 26, '2015-12-09 00:00:00', '2015-12-09 00:00:00', '2015-12-09 00:00:00', '1'),
(2015, 1, 1, 4, 4, 27, '2015-12-09 00:00:00', '2015-12-09 00:00:00', '2015-12-09 00:00:00', '1'),
(2015, 1, 1, 4, 4, 28, '2015-12-09 00:00:00', '2015-12-09 00:00:00', '2015-12-09 00:00:00', '1'),
(2015, 1, 1, 4, 6, 36, '2015-12-09 00:00:00', '2015-12-09 00:00:00', '2015-12-09 00:00:00', '1'),
(2015, 1, 1, 4, 6, 37, '2015-12-09 00:00:00', '2015-12-09 00:00:00', '2015-12-09 00:00:00', '1'),
(2015, 1, 1, 4, 6, 38, '2015-12-09 00:00:00', '2015-12-09 00:00:00', '2015-12-09 00:00:00', '1'),
(2015, 1, 1, 4, 6, 39, '2015-12-09 00:00:00', '2015-12-09 00:00:00', '2015-12-09 00:00:00', '1'),
(2015, 1, 1, 4, 6, 40, '2015-12-09 00:00:00', '2015-12-09 00:00:00', '2015-12-09 00:00:00', '1'),
(2015, 1, 1, 4, 6, 41, '2015-12-09 00:00:00', '2015-12-09 00:00:00', '2015-12-09 00:00:00', '1'),
(2015, 1, 1, 4, 6, 42, '2015-12-09 00:00:00', '2015-12-09 00:00:00', '2015-12-09 00:00:00', '1'),
(2015, 1, 1, 4, 8, 49, '2015-12-09 00:00:00', '2015-12-09 00:00:00', '2015-12-09 00:00:00', '1'),
(2015, 1, 1, 4, 8, 50, '2015-12-09 00:00:00', '2015-12-09 00:00:00', '2015-12-09 00:00:00', '1'),
(2015, 1, 1, 4, 8, 51, '2015-12-09 00:00:00', '2015-12-09 00:00:00', '2015-12-09 00:00:00', '1'),
(2015, 1, 1, 4, 8, 52, '2015-12-09 00:00:00', '2015-12-09 00:00:00', '2015-12-09 00:00:00', '1'),
(2015, 1, 1, 4, 8, 53, '2015-12-09 00:00:00', '2015-12-09 00:00:00', '2015-12-09 00:00:00', '1'),
(2015, 1, 1, 4, 8, 54, '2015-12-09 00:00:00', '2015-12-09 00:00:00', '2015-12-09 00:00:00', '1'),
(2015, 1, 1, 4, 10, 61, '2015-12-09 00:00:00', '2015-12-09 00:00:00', '2015-12-09 00:00:00', '1'),
(2015, 1, 1, 4, 10, 62, '2015-12-09 00:00:00', '2015-12-09 00:00:00', '2015-12-09 00:00:00', '1'),
(2015, 1, 1, 4, 10, 63, '2015-12-09 00:00:00', '2015-12-09 00:00:00', '2015-12-09 00:00:00', '1'),
(2015, 1, 1, 4, 10, 64, '2015-12-09 00:00:00', '2015-12-09 00:00:00', '2015-12-09 00:00:00', '1'),
(2015, 1, 1, 4, 10, 65, '2015-12-09 00:00:00', '2015-12-09 00:00:00', '2015-12-09 00:00:00', '1');

-- --------------------------------------------------------

--
-- Estructura de tabla para la tabla `menus`
--

CREATE TABLE IF NOT EXISTS `menus` (
  `id_menu` int(11) NOT NULL,
  `menu` varchar(20) DEFAULT NULL,
  `posicion` tinyint(4) DEFAULT NULL,
  `estado` tinyint(1) DEFAULT NULL
) ENGINE=InnoDB DEFAULT CHARSET=latin1;

-- --------------------------------------------------------

--
-- Estructura de tabla para la tabla `menu_detalles`
--

CREATE TABLE IF NOT EXISTS `menu_detalles` (
  `id_menu` int(11) NOT NULL,
  `id_menu_detalle` int(11) NOT NULL,
  `menu_detalle` varchar(20) DEFAULT NULL,
  `descripcion` varchar(200) DEFAULT NULL,
  `controlador` varchar(200) DEFAULT NULL,
  `posicion` tinyint(4) DEFAULT NULL,
  `estado` tinyint(1) DEFAULT NULL
) ENGINE=InnoDB DEFAULT CHARSET=latin1;

-- --------------------------------------------------------

--
-- Estructura de tabla para la tabla `nacionalidades`
--

CREATE TABLE IF NOT EXISTS `nacionalidades` (
  `id_nacionalidad` int(11) NOT NULL,
  `nacionalidad` varchar(20) DEFAULT NULL
) ENGINE=InnoDB DEFAULT CHARSET=latin1;

--
-- Volcado de datos para la tabla `nacionalidades`
--

INSERT INTO `nacionalidades` (`id_nacionalidad`, `nacionalidad`) VALUES
(0, 'sin nacionalidad'),
(1, 'paraguaya'),
(2, 'argentina'),
(4, 'paraguayo'),
(5, 'norte americana'),
(7, 'brasilera'),
(10, 'argentino'),
(11, 'Paraguya'),
(12, 'Larissa Montserrat');

-- --------------------------------------------------------

--
-- Estructura de tabla para la tabla `oportunidades`
--

CREATE TABLE IF NOT EXISTS `oportunidades` (
  `id_facultad` int(11) NOT NULL,
  `id_oportunidad` int(11) NOT NULL,
  `oportunidad` varchar(45) DEFAULT NULL,
  `pp_minimo` varchar(3) DEFAULT NULL,
  `asistencia_minima` varchar(3) DEFAULT NULL,
  `estado` tinyint(1) DEFAULT NULL
) ENGINE=InnoDB DEFAULT CHARSET=latin1;

-- --------------------------------------------------------

--
-- Estructura de tabla para la tabla `paises`
--

CREATE TABLE IF NOT EXISTS `paises` (
  `id_pais` int(11) NOT NULL,
  `pais` varchar(45) DEFAULT NULL
) ENGINE=InnoDB DEFAULT CHARSET=latin1;

-- --------------------------------------------------------

--
-- Estructura de tabla para la tabla `periodos`
--

CREATE TABLE IF NOT EXISTS `periodos` (
  `id_periodo` int(11) NOT NULL,
  `fecha` datetime DEFAULT NULL,
  `estado` varchar(15) DEFAULT NULL
) ENGINE=InnoDB DEFAULT CHARSET=latin1;

--
-- Volcado de datos para la tabla `periodos`
--

INSERT INTO `periodos` (`id_periodo`, `fecha`, `estado`) VALUES
(2015, '0000-00-00 00:00:00', '1');

-- --------------------------------------------------------

--
-- Estructura de tabla para la tabla `personas`
--

CREATE TABLE IF NOT EXISTS `personas` (
  `id_persona` int(11) NOT NULL COMMENT 'Hace referencia al alumno',
  `nombre` varchar(25) DEFAULT NULL,
  `apellido` varchar(25) DEFAULT NULL,
  `alias` varchar(60) NOT NULL,
  `id_nacionalidad` int(11) DEFAULT NULL,
  `lugar_nacimiento` varchar(45) DEFAULT NULL,
  `fecha_nacimiento` date DEFAULT NULL,
  `grupo_sanguineo` varchar(5) DEFAULT NULL,
  `genero` varchar(15) DEFAULT NULL,
  `estado_civil` varchar(15) DEFAULT NULL,
  `clave` tinyblob
) ENGINE=InnoDB DEFAULT CHARSET=latin1;

--
-- Volcado de datos para la tabla `personas`
--

INSERT INTO `personas` (`id_persona`, `nombre`, `apellido`, `alias`, `id_nacionalidad`, `lugar_nacimiento`, `fecha_nacimiento`, `grupo_sanguineo`, `genero`, `estado_civil`, `clave`) VALUES
(1, 'Jesús Wilson', 'Barrios Fretes', 'Wilson Barrios', 1, NULL, NULL, 'O+', 'masculino', 'Casado', 0x6e6f6e656d616e),
(2, 'Mary', 'Cabral Franco', 'Mary Cabral', 1, 'Fram', '1984-05-21', 'ORH+', 'femenino', 'soltera', 0x6e6f6e656d616e),
(3, 'José Osvaldo', 'Hermosilla Vera', '', 1, 'Yuty', '1990-03-19', '', 'masculino', 'soltero', NULL),
(4, 'Leonarda', 'Vera', '', 2, '', '0000-00-00', '', 'femenino', '', NULL),
(5, 'Gladys Mabel', 'Romero ayala', '', 1, 'Encarnación', '1991-03-12', '', 'femenino', 'soltera', NULL),
(6, 'Gladys Mabel', 'Romero ayala', '', 0, '', '0000-00-00', '', 'Masculino', '', NULL),
(7, 'Sandra María Belén', 'Silveyra Gómez', '', 1, 'Encarnación', '1190-12-12', '', 'femenino', 'soltera', NULL),
(8, 'María Patrocinia ', 'Gómez', '', 0, '', '0000-00-00', '', 'femenino', '', NULL),
(9, 'Sandra María Belén', 'Silveyra Gómez', '', 0, '', '0000-00-00', '', 'Masculino', '', NULL),
(10, 'Edgar Marcelo', 'Valenzuela Almada', '', 1, 'Encarnación', '1990-05-03', '', 'masculino', 'soltero', NULL),
(11, 'Elvia', 'Almada', '', 0, '', '0000-00-00', '', 'femenino', '', NULL),
(12, 'Edgar Marcelo', 'ValenzuelaAalmada', '', 0, '', '0000-00-00', '', 'Masculino', '', NULL),
(13, 'Shirley Maria', 'Villalba Arguello', '', 1, 'Asunción', '1990-10-15', '', 'femenino', 'soltera', NULL),
(14, 'Ladyslaa', 'Arguello', '', 0, '', '0000-00-00', '', 'femenino', '', NULL),
(15, 'Shirley Maria', 'Villalba Arguello', '', 0, '', '0000-00-00', '', 'Masculino', '', NULL),
(16, 'Alicia Adela', 'Mieres', '', 2, 'Posadas', '1972-11-10', '', 'femenino', 'casada', NULL),
(17, 'Natalia Elizabeth', 'Rolón Boytovich', '', 1, 'Encarnación', '1990-10-17', '', 'femenino', 'soltera', NULL),
(18, 'Carmen Damiana', 'Boytovich', '', 0, '', '0000-00-00', '', 'femenino', '', NULL),
(19, 'Gustavo Alfredo', 'Rolón amarilla', '', 0, '', '0000-00-00', '', 'Masculino', '', NULL),
(20, 'Noelia Soledad', 'Quiroz Curopatwa', '', 1, 'Hohenau', '1993-06-04', 'A (+)', 'femenino', 'Soltera', NULL),
(21, 'Delsia', 'Curopatwa', '', 0, '', '0000-00-00', '', 'femenino', '', NULL),
(22, 'Osmar', 'Quiroz', '', 0, '', '0000-00-00', '', 'Masculino', '', NULL),
(23, 'Catalina', 'Gonzalez Colman', '', 1, 'San Cristobal', '1992-11-26', '', 'femenino', 'Soltera', NULL),
(24, 'Andresa', 'Colman de Gonzalez', '', 0, '', '0000-00-00', '', 'femenino', '', NULL),
(25, 'Roberto', 'Gonzalez Konstinchok', '', 0, '', '0000-00-00', '', 'Masculino', '', NULL),
(26, 'Tatiana', 'Wieczorko Baran', '', 1, 'encarnacion', '1994-01-24', '0+', 'femenino', 'Soltera', NULL),
(27, 'Alejandra', 'Mercado', '', 1, 'Encarnacion', '1994-05-23', '0RH-', 'femenino', 'Soltera', NULL),
(28, 'karen', 'Paredes', '', 1, 'encarnacion', '1993-10-28', 'ARH+', 'femenino', 'Soltera', NULL),
(29, 'Luz Maria Alicia', 'Britez Segovia', '', 1, 'Encarnacion', '1993-09-16', 'RH+', 'femenino', 'Soltera', NULL),
(30, 'Maria Cristina', 'Segovia de Britez', '', 0, '', '0000-00-00', '', 'femenino', '', NULL),
(31, 'Marcos Osmar', 'Britez Montiel', '', 0, '', '0000-00-00', '', 'Masculino', '', NULL),
(32, 'renzo rafael', 'yeza lopez', '', 1, 'encarnacion', '1992-10-19', 'b+', 'masculino', 'Soltero', NULL),
(33, 'Fatima Yuri', 'Takaoka Sugawara', '', 1, 'Encarnación', '1994-04-22', 'O +', 'femenino', 'Soltera', NULL),
(34, 'Eiichi', 'Takaoka', '', 0, '', '0000-00-00', '', 'Masculino', '', NULL),
(35, 'raimundo alberto', 'rojas benitez', '', 1, 'encarnacion', '0000-00-00', 'a+', 'masculino', 'soltero', NULL),
(36, 'angel augusto', 'gutmann', '', 4, 'Encarnaciòn', '1993-04-26', 'b +', 'masculino', 'soltero', NULL),
(37, 'Lisa Sabrina', 'Ramirez Aquino', '', 1, 'Encarnacion', '1994-02-25', '', 'femenino', 'Soltera', NULL),
(38, 'Rodrigo Fernando', 'Ortiz Romero', '', 1, 'Encanacion', '1986-11-13', 'RH+', 'masculino', 'Soltero', NULL),
(39, 'maria victoria', 'lopez', '', 0, '', '0000-00-00', '', 'femenino', '', NULL),
(40, 'amado rafael', 'yeza araujo', '', 0, '', '0000-00-00', '', 'Masculino', '', NULL),
(41, 'christian osmar', 'duarte grahl', '', 1, 'encarnacion', '0000-00-00', '', 'masculino', 'soltero', NULL),
(42, 'alejandra maria marcela', 'gonzalez rios', '', 1, 'encarnacion', '1994-03-18', '0+', 'femenino', 'Soltera', NULL),
(43, 'Jose Luis ', 'Benitez Villalaba', '', 4, 'Asuncion', '1987-02-14', 'A(+)', 'masculino', 'Casado', NULL),
(44, 'emilia pamela ', 'sigaud garcia', '', 1, 'encarnacion', '1986-08-06', '0+', 'femenino', 'Soltera', NULL),
(45, 'gilda marilin', 'garcia de sigaud', '', 0, '', '0000-00-00', '', 'femenino', '', NULL),
(46, 'francisco martin ', 'sigaud dehnike', '', 0, '', '0000-00-00', '', 'Masculino', '', NULL),
(47, 'Yanina', 'Brizuela', '', 1, 'Natalio', '1993-08-18', 'A(+)', 'femenino', 'Soltera', NULL),
(48, 'Pablo Alberto', 'Gonzalez Garay', '', 4, 'Encarnacion', '1993-04-06', '', 'masculino', 'Soltero', NULL),
(49, 'Nilsa Angelica', 'Garay', '', 0, '', '0000-00-00', '', 'femenino', '', NULL),
(50, 'ruth', 'mendoza', '', 1, 'encarnacion', '1991-01-28', '', 'femenino', 'soltera', NULL),
(51, 'Marcelo Andres', 'Llanes Gomez', '', 1, 'Hohenau', '1993-11-22', 'B+', 'masculino', 'Soltero', NULL),
(52, 'Patricia', 'Silveyra', '', 1, 'Encarnación', '1993-12-08', '', 'femenino', 'Soltera', NULL),
(53, 'Oscar ', 'Llanes ', '', 0, '', '0000-00-00', '', 'Masculino', '', NULL),
(54, 'Maria', 'Gomez', '', 0, '', '0000-00-00', '', 'femenino', '', NULL),
(55, 'Chely Angelina', 'Benitez Machado', '', 1, 'Encarnacion', '1992-11-09', 'RH +', 'femenino', 'Soltera', NULL),
(56, 'Carlos Daniel', 'Arevalos', '', 1, 'encarnación', '1991-10-23', '0rh -', 'masculino', 'soltero', NULL),
(57, 'Patricia Andrea', 'León Carreras', '', 1, 'Encarnación', '1992-03-17', '', 'femenino', 'Soltera', NULL),
(58, 'Alejandro', ' De Los Santos Fleitas', '', 1, 'cambyreta', '1987-12-12', 'B Rh-', 'masculino', 'soltero', NULL),
(59, 'Rosa Agustina', 'Fleitas', '', 0, '', '0000-00-00', '', 'femenino', '', NULL),
(60, 'Alejandro', ' De Los Santos Amarilla', '', 0, '', '0000-00-00', '', 'Masculino', '', NULL),
(61, 'Adela ', 'Gomez Gonzalez ', '', 1, 'IPS Encarnacion ', '1993-09-02', 'A+', 'femenino', 'soltera', NULL),
(62, 'Rolando Martin', 'Lopez Muller', '', 1, 'Encarnacion', '1991-06-10', 'A+', 'masculino', 'Soltero', NULL),
(63, 'Aldo Javier ', 'Vazquez Franco ', '', 1, 'Hohenau', '1994-06-16', 'A(+)', 'masculino', 'soltero', NULL),
(64, 'Ada Andrea', 'Porath Ramirez', '', 1, 'Caaguazu', '1994-01-31', 'A +', 'femenino', 'soltera', NULL),
(65, 'Agustina ', 'Franco', '', 0, '', '0000-00-00', '', 'femenino', '', NULL),
(66, 'Silvino', 'Vazquez', '', 0, '', '0000-00-00', '', 'Masculino', '', NULL),
(67, 'Hilda', 'Ramirez de Porath', '', 0, '', '0000-00-00', '', 'femenino', '', NULL),
(68, 'Arlindo', 'Porath', '', 0, '', '0000-00-00', '', 'Masculino', '', NULL),
(69, 'Maria Rosa', 'Rivas Ramirez', '', 1, 'Encarnacion', '1993-08-29', '', 'femenino', 'soltera', NULL),
(70, 'Virgilio Rafael ', 'Gamarra Ferreira', '', 4, 'Encarnacion', '1993-03-31', '0RH+', 'masculino', 'Soltero', NULL),
(71, 'Blanca Elvira', 'Ferreira Villalba', '', 0, '', '0000-00-00', '', 'femenino', '', NULL),
(72, 'Yanina Diana Beatriz', 'Bareiro Acuña', '', 1, 'Encarnacion', '1994-02-03', '0,RH+', 'femenino', 'Soltera', NULL),
(73, 'Rosa ', 'Acuña', '', 0, '', '0000-00-00', '', 'femenino', '', NULL),
(74, 'Crescencio', 'Bareiro', '', 0, '', '0000-00-00', '', 'Masculino', '', NULL),
(75, 'marco erasmo', 'lopez casco', '', 1, 'encarnacion', '1990-07-13', 'o rh+', 'masculino', 'Soltero', NULL),
(76, 'Patricia Jazmin', 'Alvarenga Gimenez', '', 1, 'Encarnacion', '1993-07-26', '0-RH+', 'femenino', 'Soltera', NULL),
(77, 'Celia Beatriz', 'Gimenez de Alvarenga', '', 0, '', '0000-00-00', '', 'femenino', '', NULL),
(78, 'Marcos Antonio ', 'Alvarenga Cabral', '', 0, '', '0000-00-00', '', 'Masculino', '', NULL),
(79, 'Magaly', 'Schöller Franke', '', 1, 'Hohenau', '1993-12-05', '0 +', 'femenino', 'Soltera', NULL),
(80, 'Lilly', 'Franke de Schöller', '', 0, '', '0000-00-00', '', 'femenino', '', NULL),
(81, 'Ernesto', 'Schöller Lautenschlager', '', 0, '', '0000-00-00', '', 'Masculino', '', NULL),
(82, 'Jorge Antonio', 'Chaparro Benitez', '', 4, 'Encarnación', '1994-02-23', 'B-', 'masculino', 'Soltero', NULL),
(83, 'Julia', 'Benitez Goonsalez', '', 0, '', '0000-00-00', '', 'femenino', '', NULL),
(84, 'Narciso Andres', 'Chaparro Vasquez', '', 0, '', '0000-00-00', '', 'Masculino', '', NULL),
(85, 'FATIMA ELIANA', 'RODRIGUEZ MELGAREJO', '', 1, 'CIUDAD DEL ESTE', '1993-12-17', '', 'femenino', 'soltera', NULL),
(86, 'Carina Francisca', 'Drees Meyners', '', 1, 'Obligado', '0000-00-00', 'O+', 'femenino', 'Soltera', NULL),
(87, 'Maria Anna', 'Meyners', '', 0, '', '0000-00-00', '', 'femenino', '', NULL),
(88, 'Hans Jurgen', 'Drees', '', 0, '', '0000-00-00', '', 'Masculino', '', NULL),
(89, 'Richard Juaquin', 'Viera Semeniuk', '', 5, 'Los Angeles-California. ', '1993-12-14', 'ARH+', 'masculino', 'Soltero', NULL),
(90, 'Ana', 'Semeniuk', '', 0, '', '0000-00-00', '', 'femenino', '', NULL),
(91, 'Julio Cesar', 'Viera', '', 0, '', '0000-00-00', '', 'Masculino', '', NULL),
(92, 'Yamila Mariel', 'Gerasimchuk Caceres', '', 1, 'Encarnacion', '1993-12-22', '0RH+', 'femenino', 'Soltera', NULL),
(93, 'Maria Silvia', 'Caceres', '', 0, '', '0000-00-00', '', 'femenino', '', NULL),
(94, 'Bladimiro ', 'Gerasimchuk Susik', '', 0, '', '0000-00-00', '', 'Masculino', '', NULL),
(95, 'Lucero Belen', 'Rios Fernandez', '', 1, 'Encarnacion', '1993-07-17', '0rh+', 'femenino', 'Soltera', NULL),
(96, 'Graciela', 'Fernandez De Rios', '', 0, '', '0000-00-00', '', 'femenino', '', NULL),
(97, 'Arnaldo', 'Rios Caso', '', 0, '', '0000-00-00', '', 'Masculino', '', NULL),
(98, 'Maria Judith', 'Kaseta Cisse', '', 1, 'hohenau', '0000-00-00', 'A,RH+', 'femenino', 'Soltera', NULL),
(99, 'Alicia Beatriz', 'Cisse Schmidke', '', 0, '', '0000-00-00', '', 'femenino', '', NULL),
(100, 'Alfredo', 'Kaseta Rimkus', '', 0, '', '0000-00-00', '', 'Masculino', '', NULL),
(101, 'Arnaldo David', 'Rios Landayda', '', 1, 'Encarnación', '1992-05-16', '', 'masculino', 'Soltero', NULL),
(102, 'Hilda Rosa', 'Landayda de Rios', '', 0, '', '0000-00-00', '', 'femenino', '', NULL),
(103, 'Buenaventura', 'Rios Verón', '', 0, '', '0000-00-00', '', 'Masculino', '', NULL),
(104, 'Mario', 'Castro', '', 1, 'Horqueta - Concepcion', '1987-04-07', 'A+', 'masculino', 'casado', NULL),
(105, 'Claudia Lucia', 'Goebel Ferrari', '', 1, 'Encarnacion', '1993-07-09', 'RH+', 'femenino', 'Soltera', NULL),
(106, 'Mirian Casilda', 'Ferrari de Goebel', '', 0, '', '0000-00-00', '', 'femenino', '', NULL),
(107, 'Carmelo', 'Goebel Gonzalez', '', 0, '', '0000-00-00', '', 'Masculino', '', NULL),
(109, 'Vanessa Antonella', 'Garayo Martinez', 'Vanessa Garayo', 1, 'Encarnación', NULL, NULL, 'femenino', 'soltera', 0x6e6f6e656d616e),
(110, 'ciento diez', 'ciento uno', '', 0, 'por ahi nomas ', '0000-00-00', 'p+', 'masculino', 'soltero', NULL),
(111, 'nombre maternal', 'nombre paternal', '', 0, '', '0000-00-00', '', 'femenino', '', NULL),
(112, 'jfdskl', 'fdsjlk', '', 0, '', '0000-00-00', '', 'Masculino', '', NULL),
(113, 'Diego Eduardo', 'Aquino', '', 1, 'fram', '1990-04-04', '', 'masculino', 'soltero', NULL),
(114, 'Federico Ramon', 'Pereira Meza', '', 1, 'Carmen del Parana', '1994-06-05', '0 A+', 'masculino', 'Soltero', NULL),
(115, 'Aida Mirta ', 'Meza Ferreira', '', 0, '', '0000-00-00', '', 'femenino', '', NULL),
(116, 'Federicco German ', 'Pereira Rios', '', 0, '', '0000-00-00', '', 'Masculino', '', NULL),
(117, 'Jessica Elizabeth', 'Bogado Dominguez', '', 1, 'Encarnacion', '1991-01-25', 'B+', 'femenino', 'soltera', NULL),
(118, 'Alejandro fabian', 'Benitez arce', '', 1, 'coronel bogado', '0000-00-00', '', 'masculino', 'Soltero', NULL),
(119, 'mercedes', 'arce', '', 0, '', '0000-00-00', '', 'femenino', '', NULL),
(120, 'dionildo', 'benitez', '', 0, '', '0000-00-00', '', 'Masculino', '', NULL),
(121, 'Claudia ', 'Caballero Montengro', '', 1, 'San Ignacio Misiones', '1994-01-21', '', 'femenino', 'Soltera', NULL),
(122, 'Gladys', 'Montenegro', '', 0, '', '0000-00-00', '', 'femenino', '', NULL),
(123, 'Quintin ', 'Caballero', '', 0, '', '0000-00-00', '', 'Masculino', '', NULL),
(124, 'Delia Jeanette', 'Rivas Valenzuela', '', 1, 'Encarnacion', '1994-02-22', '0RH+', 'femenino', 'Soltera', NULL),
(125, 'Rosa Mabel', 'Benitez Fernandez', '', 1, 'Itapua Poty', '1992-05-30', '', 'femenino', 'Soltera', NULL),
(126, 'Maria Odulia', 'Fernandez', '', 0, '', '0000-00-00', '', 'femenino', '', NULL),
(127, 'Antonio', 'Benitez', '', 0, '', '0000-00-00', '', 'Masculino', '', NULL),
(128, 'Noemi Elizabeth', 'Gonzalez Caballero', '', 1, 'Santa Rosa Misiones', '1993-06-26', '', 'femenino', 'soltera', NULL),
(129, 'Maria Eusebia', 'Caballero de Gonzalez', '', 0, '', '0000-00-00', '', 'femenino', '', NULL),
(130, 'Miguel', 'Gonzalez Benitez', '', 0, '', '0000-00-00', '', 'Masculino', '', NULL),
(131, 'Cesar rafael', 'Cabrera Figueredo', '', 1, 'Encarnacion', '1993-04-09', 'crh+', 'masculino', 'Soltero', NULL),
(132, 'Isabel', ' Figueredo', '', 0, '', '0000-00-00', '', 'femenino', '', NULL),
(133, 'Ricardo Rafael ', 'Cabrera Vigo', '', 0, '', '0000-00-00', '', 'Masculino', '', NULL),
(134, 'romina raquel', 'rebruk rud', '', 1, 'encarnacion', '1993-12-09', 'AB+', 'femenino', 'Soltera', NULL),
(135, 'nina', 'rud', '', 0, '', '0000-00-00', '', 'femenino', '', NULL),
(136, 'basilio', 'rebruk', '', 0, '', '0000-00-00', '', 'Masculino', '', NULL),
(137, 'CarmeloFranciscoManuel', 'Capli Zelaya', '', 1, 'Encarnacion', '1993-04-26', 'A(+)', 'masculino', 'Soltero', NULL),
(138, 'AURORA', 'ZELAYA', '', 0, '', '0000-00-00', '', 'femenino', '', NULL),
(139, 'MARCOS', 'CAPLI', '', 0, '', '0000-00-00', '', 'Masculino', '', NULL),
(140, 'Limpia Concepcion', 'Portillo Montiel', '', 1, 'San Ignacio, Misiones', '1993-02-20', '0 RH+', 'femenino', 'Soltera', NULL),
(141, 'Eugenia Rosa', 'Baran', '', 0, '', '0000-00-00', '', 'femenino', '', NULL),
(142, 'Pablo', 'Wieczorko', '', 0, '', '0000-00-00', '', 'Masculino', '', NULL),
(143, 'Dimas', 'Páez', '', 1, 'Encarnacion', '1993-11-12', '', 'masculino', 'Soltero', NULL),
(144, 'Bruno Alfredo', 'Delvalle Baez', '', 1, 'Capitan Meza Puerto', '1993-09-15', '', 'masculino', 'Soltero', NULL),
(145, 'Mirta', 'Delvalle Baez', '', 0, '', '0000-00-00', '', 'femenino', '', NULL),
(146, 'Katya Leticia', 'Mendez Acuña', '', 1, 'Gral Artigas', '1993-08-21', 'A RH-', 'femenino', 'Soltera', NULL),
(147, 'Edson Luiz', 'Toebe Stein', '', 7, 'Mar. Cand. Rondon', '1979-04-20', 'A(+)', 'masculino', 'casado', NULL),
(148, 'Esmilce', 'Acuña Jara', '', 0, '', '0000-00-00', '', 'femenino', '', NULL),
(149, 'Cesar Augusto', 'Mendez Ferreira', '', 0, '', '0000-00-00', '', 'Masculino', '', NULL),
(150, 'Cinthia Fabiola', 'Garcia Benitez', '', 1, 'Fram', '1994-05-22', '', 'femenino', 'Soltera', NULL),
(151, 'Blanca', 'Benitez de Garcia', '', 0, '', '0000-00-00', '', 'femenino', '', NULL),
(152, 'Pedro ', 'Garcia Vera', '', 0, '', '0000-00-00', '', 'Masculino', '', NULL),
(153, 'Nelly Yohana', 'Closs Reckziegel', '', 1, 'Bella Vista', '1993-07-30', 'ARH+', 'femenino', 'Soltera', NULL),
(154, 'Erika ', 'Reckziegel', '', 0, '', '0000-00-00', '', 'femenino', '', NULL),
(155, 'Ruben', 'Closs', '', 0, '', '0000-00-00', '', 'Masculino', '', NULL),
(156, 'Anya Tamara', 'Qusibatie Bronstrup', '', 1, 'Encarnacion', '1994-01-11', 'A(+)', 'femenino', 'Soltera', NULL),
(157, 'Connie Cornelia', 'Bronstrup de De Godois ', '', 0, '', '0000-00-00', '', 'femenino', '', NULL),
(158, 'Euclides Adelio', 'De Godois Pintos', '', 0, '', '0000-00-00', '', 'Masculino', '', NULL),
(159, 'Carlos Daniel', 'Gonzalez Flores', '', 1, 'Hohenau', '1992-08-29', '0RH+', 'masculino', 'soltero', NULL),
(160, 'Elva Estela', 'Flores Flores', '', 0, '', '0000-00-00', '', 'femenino', '', NULL),
(161, 'Ernesto', 'Gonzalez Forcado', '', 0, '', '0000-00-00', '', 'Masculino', '', NULL),
(162, 'Luis Ramon', 'Silveyra Luna', '', 4, 'hohenau', '1993-09-21', '', 'masculino', 'soltero', NULL),
(163, 'Juan Carlos', 'Silveyra Luna', '', 0, '', '0000-00-00', '', 'Masculino', '', NULL),
(164, 'Magdalena', 'Baez Duarte', '', 1, 'Fram', '1994-05-27', '', 'femenino', 'Soltera', NULL),
(165, 'Vivian Veronica', 'Fretes Florentin', '', 1, 'Encarnación', '2012-04-12', '', 'femenino', 'Soltera', NULL),
(166, 'Maria de los Angeles', 'Florentin de Fretes', '', 0, '', '0000-00-00', '', 'femenino', '', NULL),
(167, 'Hector Cantalicio', 'Fretes Santacruz', '', 0, '', '0000-00-00', '', 'Masculino', '', NULL),
(168, 'ROSSANA', 'PAIVA LUJAN', '', 1, 'Encarnación', '1993-10-25', '0+', 'femenino', 'Soltera', NULL),
(169, 'Matilde Reina ', 'Lujan Armoa', '', 0, '', '0000-00-00', '', 'femenino', '', NULL),
(170, 'Reinaldo', 'Paiva Ramirez', '', 0, '', '0000-00-00', '', 'Masculino', '', NULL),
(171, 'Mirna', 'Cañellas', '', 1, 'Encarnacion', '2012-03-19', '', 'femenino', 'Soltera', NULL),
(172, 'AURORA', 'ZELAYAARCE', '', 0, '', '0000-00-00', '', 'femenino', '', NULL),
(173, 'MARCOS', 'CAPLICHAPARRO', '', 0, '', '0000-00-00', '', 'Masculino', '', NULL),
(174, 'MARCOS', 'CAPLI', '', 0, '', '0000-00-00', '', 'Masculino', '', NULL),
(175, 'Maria Isabel', 'Maidana Ruiz', '', 1, 'San Ramon Misiones', '1994-04-02', 'A+', 'femenino', 'Soltera', NULL),
(176, 'Rosa Isabel', 'Ruiz Silva', '', 0, '', '0000-00-00', '', 'femenino', '', NULL),
(177, 'Mario Hugo', 'Maidana Garcia', '', 0, '', '0000-00-00', '', 'Masculino', '', NULL),
(178, 'Carlos Martin', 'Rodriguez Martinez', '', 1, 'Encarnacion', '1991-10-28', '0 RH-', 'masculino', 'Soltero', NULL),
(179, 'Lucia Antonia ', 'Martinez de Rodriguez', '', 0, '', '0000-00-00', '', 'femenino', '', NULL),
(180, 'Mario Humberto', 'Rodriguez Martinez', '', 0, '', '0000-00-00', '', 'Masculino', '', NULL),
(181, 'Norma Elizabeht', 'Florentin Almada', '', 1, 'encarnacion', '1994-01-18', '', 'femenino', 'Soltera', NULL),
(182, 'Patricia Veronica', 'Larre Vargas', '', 1, 'Ayolas- Mns', '1993-07-27', 'ORH+', 'femenino', 'Soltera', NULL),
(183, 'Rodolfo', 'Silveyra', '', 0, '', '0000-00-00', '', 'Masculino', '', NULL),
(184, 'Rodolfo', 'Silveyra', '', 0, '', '0000-00-00', '', 'Masculino', '', NULL),
(185, 'alexis hernan', 'aguiar espinala', '', 1, 'ayolas', '2012-11-02', '', 'masculino', 'soltero', NULL),
(186, 'Federico German', 'Pereira Rios', '', 0, '', '0000-00-00', '', 'Masculino', '', NULL),
(187, 'martin alejandro', 'laguna caseres', '', 4, 'Encarnacion', '1993-06-03', '', 'masculino', 'Soltero', NULL),
(188, 'carlos antonio', 'ortiz olmedo', '', 1, 'encarnacion', '1991-12-30', '', 'masculino', 'Soltero', NULL),
(189, 'marcos antonio', 'caceres martines', '', 1, 'Coronel Bogado', '1992-02-09', '0RH p', 'masculino', 'Soltero', NULL),
(190, 'Lourdes Maricela', 'Benitez Zarza', '', 1, 'General Artigas', '0000-00-00', '', 'femenino', 'soltera', NULL),
(191, 'Dominga Ramona', 'Zarza', '', 0, '', '0000-00-00', '', 'femenino', '', NULL),
(192, 'Felipe ', 'Benitez Redes', '', 0, '', '0000-00-00', '', 'Masculino', '', NULL),
(193, 'fdsakjlj', 'jdskljf', '', 0, 'jfdksjfl', '1984-08-21', 'orh +', 'masculino', 'soltero', NULL),
(194, 'Daiana Edith', 'Vargas Delvalle', '', 1, 'Encarnacion', '1993-12-30', '', 'femenino', 'Soltera', NULL),
(195, 'Ramona', 'Delvalle de Vargas', '', 0, '', '0000-00-00', '', 'femenino', '', NULL),
(196, 'Roberto', 'Vargas Vasquez', '', 0, '', '0000-00-00', '', 'Masculino', '', NULL),
(197, 'Luis Enrique', 'Navarro Thiebeaud', '', 1, 'Encarnacion', '1985-08-08', '', 'masculino', 'soltero', NULL),
(198, 'Diego', 'Casco', '', 1, 'Hohenau', '1991-11-20', '', 'masculino', 'Soltero', NULL),
(199, 'Retty', 'Fernandez', '', 0, '', '0000-00-00', '', 'femenino', '', NULL),
(200, 'Dario', 'Casco', '', 0, '', '0000-00-00', '', 'Masculino', '', NULL),
(201, 'Marcos', 'Campañoli', '', 1, 'Hohenau', '1994-03-21', '0+', 'masculino', 'Soltero', NULL),
(202, 'Teruo', 'Ueno', '', 4, 'Hohenau', '1995-04-02', '', 'masculino', 'soltero', NULL),
(203, 'Diego', 'Osuch', '', 1, 'Coronel Bogado', '1993-10-13', '', 'masculino', 'soltero', NULL),
(204, 'lorena', 'medina', '', 1, 'san ignacio', '1993-09-10', '', 'femenino', 'soltera', NULL),
(205, 'Anselmo', 'Torres Arguello', '', 4, 'Ayolas', '1991-10-14', '', 'masculino', 'Casado', NULL),
(206, 'David Ricardo', 'Chavez Villar', '', 1, 'Yuty', '1994-05-26', '', 'masculino', 'Soltero', NULL),
(207, 'nombre', 'apellido', '', 0, 'lugar de nacimiento', '1984-08-21', 'gs', 'masculino', 'soltero', NULL),
(208, 'Luz Maria', 'Ramirez Espinoza', '', 1, 'Encarnacion', '0000-00-00', '', 'femenino', 'Soltera', NULL),
(209, 'Liz Jaqueline', 'Britez Ibarra', '', 1, 'General delgado', '1994-06-21', '', 'femenino', 'soltera', NULL),
(210, 'Griselda Mabel', 'Villalba Gonzalez', '', 1, 'Domingo Robledo', '1988-06-27', '', 'femenino', 'casada', NULL),
(211, 'Juan', 'Arevalos', '', 4, 'Encarnación', '1990-11-21', 'A-', 'masculino', 'Soltero', NULL),
(212, 'Carolina', 'Silva', '', 1, NULL, NULL, NULL, 'femenino', 'soltera', NULL),
(213, 'Dana concepción', 'Ramírez paredes', '', 1, NULL, NULL, NULL, 'femenino', 'soltera', NULL),
(214, 'Ricardo Javier', 'Ocampos Cañete', '', 1, NULL, NULL, NULL, 'masculino', 'soltero', NULL),
(215, 'Dolly Adriana', 'Ramirez Aranda', '', 1, 'san Ignacio misiones', '1994-06-28', '', 'femenino', 'Soltera', NULL),
(216, 'Luis Fabian', 'Paiva Sosa', '', 1, 'Encarnacion', '1993-11-11', '', 'masculino', 'Soltero', NULL),
(217, 'Gerardo', 'Centurion', '', 1, 'Encarnacion', '1988-03-18', 'A+', 'masculino', 'soltero', NULL),
(218, 'Juan Cruz', 'Serjan Spinzi', '', 4, 'Asunción', '1993-02-18', 'Arh+', 'masculino', 'Soltero', NULL),
(219, 'Jonathan', 'Benitez', '', 10, 'Gdor. Virasoro, Corrientes', '1989-06-02', 'a(+)', 'masculino', 'soltero', NULL),
(220, 'nombre fulano', 'apellido fulano', '', 0, 'lugar de nacimiento fulano', '1984-08-21', 'O+', 'masculino', 'casado', NULL),
(221, 'Aldo Javier', 'Vazquez Franco', '', 1, 'Hohenau', '1994-06-16', 'A(+)', 'masculino', 'Soltero', NULL),
(222, 'Agustina', 'Franco', '', 0, '', '0000-00-00', '', 'femenino', '', NULL),
(223, 'Silvino', 'Vazquez', '', 0, '', '0000-00-00', '', 'Masculino', '', NULL),
(224, 'Emilia', 'Acuña Villagra', '', 1, 'Edelira km 21', '1992-06-06', '', 'femenino', 'soltera', NULL),
(225, 'Gladis Elizabeth', 'Alcaraz Octavo', '', 1, 'Carmen del Paraná', '1991-11-26', '', 'femenino', 'soltera', NULL),
(226, 'Maria Jose', 'Ayala Aguilera', '', 1, 'Encarnacion', '1991-12-31', '', 'femenino', 'soltera', NULL),
(227, 'Maria de los Angeles', 'Bogado Arguello', '', 1, 'Coronel Bogado', '1991-07-25', '', 'femenino', 'soltera', NULL),
(228, 'Vanesa del Milagro', 'Britez Steiger', '', 1, 'La Paz', '1991-10-05', '', 'femenino', 'soltera', NULL),
(229, 'Adriana Elizabeth', 'Cuenca', '', 1, 'Encarnacion', '1992-04-01', '', 'femenino', 'soltera', NULL),
(230, 'Claudia Margarita', 'Delgado Gonzalez', '', 1, 'Encarnacion', '1991-07-18', '', 'femenino', 'soltera', NULL),
(231, 'Ruth Denisse', 'Fariña Martinez', '', 1, 'Encarnacion', '1991-11-30', '', 'femenino', 'soltera', NULL),
(232, 'Dionicia', 'Martinez', '', 0, '', '0000-00-00', '', 'femenino', '', NULL),
(233, 'Ruben Gonzalo', 'Fariña Rojas', '', 0, '', '0000-00-00', '', 'Masculino', '', NULL),
(234, 'Romina Noemi', 'Franco Del Puerto', '', 1, 'Yatytay', '1992-04-09', '', 'femenino', 'soltera', NULL),
(235, 'Maria Eugenia', 'Junghanns Melgarejo', '', 1, 'La Paz', '1991-05-31', '', 'femenino', 'soltera', NULL),
(236, 'Gladys Marianela', 'Lezcano Martinez', '', 1, 'Encarnacion', '1992-01-14', '', 'femenino', 'soltera', NULL),
(237, 'Cristina', 'Oliveira Martinez', '', 1, 'San Carlos La Paz', '1991-12-24', '', 'femenino', 'soltera', NULL),
(238, 'Yessica Marilin', 'Rodriguez Garcia', '', 1, 'Carmen del Parana', '1992-06-05', '', 'femenino', 'soltera', NULL),
(239, 'Victor Hugo', 'Ruiz Gonzalez', '', 1, 'Fram', '1989-09-27', '', 'masculino', 'soltero', NULL),
(240, 'Daiana Yaneth', 'Ryzak Rebruk', '', 1, 'Encarnacion', '1991-11-16', '', 'femenino', 'soltera', NULL),
(241, 'Jessica Maria', 'Segovia Caceres', '', 1, 'Encarnacion', '0000-00-00', '', 'femenino', 'soltera', NULL),
(242, 'Janae Maria Sindy', 'Ujiie Matsumiya', '', 1, 'La Paz', '1991-12-08', '', 'femenino', 'soltera', NULL),
(243, 'Katherine Johana', 'Zawadski Morstedt', '', 1, 'Hohenau', '1991-08-02', '', 'femenino', 'soltera', NULL),
(244, 'Julio Cesar', 'Acuña Colman', '', 1, 'Encarnaciòn', '1990-11-14', '', 'masculino', 'Soltero', NULL),
(245, 'Juana', 'Colman de Acuña', '', 0, '', '0000-00-00', '', 'femenino', '', NULL),
(246, 'Julio Cesar', 'Acuña Areco', '', 0, '', '0000-00-00', '', 'Masculino', '', NULL),
(247, 'Liz Eliana', 'Avalos Velazquez', '', 1, 'Yuty', '1991-08-08', '', 'femenino', 'Soltera', NULL),
(248, 'Maxima', 'Velazquez', '', 0, '', '0000-00-00', '', 'femenino', '', NULL),
(249, 'Armando', 'Avalos', '', 0, '', '0000-00-00', '', 'Masculino', '', NULL),
(250, 'Mario Javier', 'Ortellado Martinez', '', 1, 'Hohenau', '1991-12-23', '', 'masculino', 'soltero', NULL),
(251, 'Diego Gabriel', 'Aca Krauwczuk', '', 1, 'Encarnacion', '1992-03-15', '', 'masculino', 'Soltero', NULL),
(252, 'Rosana Isabel', 'Aguero Gauto', '', 1, 'Encarnacion', '1991-07-08', '', 'femenino', 'Soltera', NULL),
(253, 'Rolando Javier', 'Alonso Barrios', '', 1, 'Encarnacion', '1993-01-15', '', 'masculino', 'Soltero', NULL),
(254, 'Laura Margarita', 'Avila Castro', '', 1, 'Encarnaciòn', '1991-09-10', '', 'femenino', 'Soltera', NULL),
(255, 'Nidia', 'Castro', '', 0, '', '0000-00-00', '', 'femenino', '', NULL),
(256, 'Antonio', 'Avila', '', 0, '', '0000-00-00', '', 'Masculino', '', NULL),
(257, 'Erna Raquel', 'Benitez Brinkmann', '', 1, 'carmen del parana', '1992-06-16', '', 'femenino', 'Soltera', NULL),
(258, 'Juliana Alcida', 'Chavez', '', 1, 'Coronel Bogado', '1993-05-21', '', 'femenino', 'Soltera', NULL),
(259, 'Alicia Basilina', 'Baran Chigevich', '', 1, 'Encarnaciòn', '1992-08-24', '', 'femenino', 'Soltera', NULL),
(260, 'Ana', 'de Baran', '', 0, '', '0000-00-00', '', 'femenino', '', NULL),
(261, 'Basilio', 'Baran', '', 0, '', '0000-00-00', '', 'Masculino', '', NULL),
(262, 'Wilfrido Ramon', 'Cristaldo Ayala', '', 1, 'carmen del parana', '1992-07-10', '', 'masculino', 'Soltero', NULL),
(263, 'Denis Rodrigo', 'Benitez Paredes', '', 1, 'Encarnaciòn', '1991-03-22', '', 'masculino', 'Soltero', NULL),
(264, 'Ygnacia', 'Paredes', '', 0, '', '0000-00-00', '', 'femenino', '', NULL),
(265, 'Apolinario', 'Benitez', '', 0, '', '0000-00-00', '', 'Masculino', '', NULL),
(266, 'Emelia Katryna', 'Gonzalez  Siani', '', 1, 'Asuncion', '1993-04-23', '', 'femenino', 'soltera', NULL),
(267, 'Nilsa Larissa', 'Simon Candia', '', 1, 'Encarnacion', '1992-10-24', '', 'femenino', 'Soltera', NULL),
(268, 'Johana Beatriz', 'Sosa Gimenez', '', 1, 'Ayolas', '1991-06-15', '', 'femenino', 'Soltera', NULL),
(269, 'Yessica Romina', 'Benitez Lopez', '', 1, 'Bella Vista', '1992-02-07', '', 'femenino', 'Soltera', NULL),
(270, 'Graciela Concepcion ', 'Lopez de Benitez', '', 0, '', '0000-00-00', '', 'femenino', '', NULL),
(271, 'Diana Riana', 'Tanaka Mizumoto', '', 1, 'Pirapo', '1992-04-29', '', 'femenino', 'soltera', NULL),
(272, 'Miryan Elizabeth', 'Villalba Velazco', '', 1, 'Encarnacion', '1992-05-03', '', 'femenino', 'Soltera', NULL),
(273, 'Elvia Rossana', 'Benitez de Villasanti', '', 1, 'General Delgado', '1991-02-17', '', 'femenino', 'Soltera', NULL),
(274, 'Yamila Claudelina', 'Benitez Ramirez', '', 1, 'Encarnaciòn', '1992-11-24', '', 'femenino', 'Soltera', NULL),
(275, 'Claudelina Estela ', 'Ramirez', '', 0, '', '0000-00-00', '', 'femenino', '', NULL),
(276, 'Froilan', 'Benitez Paredes', '', 0, '', '0000-00-00', '', 'Masculino', '', NULL),
(277, 'Diana Raquel', 'Bogado Benitez', '', 1, 'Puerto Triunfo', '1992-12-20', '', 'femenino', 'Soltera', NULL),
(278, 'Fatima Catalina', 'Borja Avila', '', 1, 'Obligado', '1992-03-20', '', 'femenino', 'soltera', NULL),
(279, 'Ada Belen', 'Caceres Leguizamon', '', 1, 'Distrito de Natalio', '1991-06-19', '', 'femenino', 'Soltera', NULL),
(280, 'Maria del Carmen', 'Candia Meza', '', 1, 'Hohenau', '1986-01-19', '', 'femenino', 'Soltera', NULL),
(281, 'Mirian Maria Raquel', 'Castillo Bogado', '', 1, 'Coronel Bogado', '1992-09-18', '', 'femenino', 'Soltera', NULL),
(282, 'Jose Maria', 'Acosta Ramirez', '', 1, 'Encarnacion', '1982-11-18', '', 'masculino', 'soltero', NULL),
(283, 'Lilian Mabel', 'Casco Chamorro', '', 1, 'Encarnaciòn', '1991-06-02', '', 'femenino', 'Soltera', NULL),
(284, 'Cynthia Mariela', 'Benitez Escobar', '', 1, 'Encarnacion', '1982-12-13', '', 'femenino', 'soltera', NULL),
(285, 'Joanna Mariel', 'Coronel Castelnovo', '', 1, 'Encarnaciòn', '1992-02-03', '', 'femenino', 'Soltera', NULL),
(286, 'Pablo Rodrigo', 'Davalos Venialgo', '', 1, 'La Paz', '1991-06-27', '', 'masculino', 'soltero', NULL),
(287, 'Wilfrido Daniel', 'Dietze Vega', '', 1, 'Hohenau', '1992-10-13', '', 'masculino', 'Soltero', NULL),
(288, 'Leticia ', 'Dohmen', '', 1, 'Encarnaciòn', '1992-03-16', '', 'femenino', 'Soltera', NULL),
(289, 'Fatima Valeria ', 'Duarte Valeria', '', 1, 'General Artigas', '1993-05-13', '', 'femenino', 'Soltera', NULL),
(290, 'Alex Fernando', 'Emhart Ortiz', '', 1, 'Encarnaciòn', '1992-03-20', '', 'femenino', 'Soltero', NULL),
(291, 'Jose Alexis', 'Ferrerira Benitez', '', 1, 'Encarnaciòn', '1991-07-24', '', 'masculino', 'Soltero', NULL),
(292, 'Nancy Graciela', 'Flores Acosta', '', 1, 'Coronel Bogado', '1992-01-07', '', 'femenino', 'Soltera', NULL),
(293, 'Andrea Betania', 'Garcia Montiel', '', 1, 'Encarnaciòn', '1992-03-23', '', 'femenino', 'Soltera', NULL),
(294, 'Agustin', 'Jara Montiel', '', 1, 'Capitan Meza', '1986-04-05', '', 'masculino', 'Soltero', NULL),
(295, 'Patricia Liliana', 'Gonzalez Centurion', '', 1, 'Encarnaciòn', '1991-04-09', '', 'femenino', 'Soltera', NULL),
(296, 'Teresa Raquel', 'Gonzalez Echeverria', '', 1, 'Encarnaciòn', '1984-01-04', '', 'femenino', 'soltera', NULL),
(297, 'Viviana Beatriz', 'Cabrera Fernandez', '', 1, 'Encarnacion', '1987-12-21', '', 'femenino', 'casada', NULL),
(298, 'Rosa De Jesus', 'Cohene Orrego', '', 1, 'Caacupe', '1988-06-10', '', 'femenino', 'soltera', NULL),
(299, 'Jose Luis', 'Gonzalez Nuñez', '', 1, 'Encarnaciòn', '1991-12-22', '', 'masculino', 'Soltero', NULL),
(300, 'Jesus Emanuel', 'Gonzalez Oviedo', '', 1, 'Obligado', '1991-11-08', '', 'masculino', 'Soltero', NULL),
(301, 'Mirian Veronica', 'Del Puerto Cabrera', '', 1, 'Encarnacion', '1989-12-16', '', 'femenino', 'soltera', NULL),
(302, 'Sergio Denis', 'Lobel Lopez', '', 1, 'Hohenau', '1990-10-18', '', 'masculino', 'soltero', NULL),
(303, 'Arsenio Ramon', 'Gonzalez Ybarrola', '', 1, 'San Pedro del Parana', '1988-12-12', '', 'masculino', 'Soltero', NULL),
(304, 'Christian Ariel', 'Mancuello Amarilla', '', 1, 'Encarnacion', '1987-12-13', '', 'masculino', 'soltero', NULL),
(305, 'Johana Vanesa', 'Mancuello Amarilla', '', 1, 'Encarnacion', '1990-07-18', '', 'femenino', 'soltera', NULL),
(306, 'Cleberson', 'Wengrzynek', '', 7, 'Naranjal', '0000-00-00', '', 'masculino', 'soltero', NULL),
(307, 'Felisa Carolina', 'Hidalgo Casco', '', 1, 'San Juan del Paraná', '1990-05-08', '', 'femenino', 'Soltero', NULL),
(308, 'Rosa Maria', 'Larre Caballero', '', 1, 'San Pedro', '1992-06-26', '', 'femenino', 'Soltera', NULL),
(309, 'Edgar', 'Escobar Bogarin', '', 1, 'General Artigas', '1989-03-21', '', 'masculino', 'Soltero', NULL),
(310, 'Liliana Beatriz', 'Benitez Baez', '', 1, 'Encarnacion ', '1989-12-26', '', 'femenino', 'soltera', NULL),
(311, 'Eugenio Manuel', 'Leon Fernandez', '', 1, 'Distrito Yguazu', '1991-02-08', '', 'femenino', 'soltera', NULL),
(312, 'Andrea', 'Vargas Velozo', '', 1, 'Pirapo', '1989-07-20', '', 'femenino', 'soltera', NULL),
(313, 'Cristian Aroldo', 'Bareiro Roa', '', 1, 'Encarnacion', '1982-10-15', '', 'femenino', 'Soltero', NULL),
(314, 'Carmen Lucila', 'Bergottini', '', 2, 'Buenos Aires - Argentina', '1990-10-30', '', 'femenino', 'soltera', NULL),
(315, 'Edith Giannina', 'Britez Sosa', '', 1, 'Encarnacion', '1992-04-19', '', 'femenino', 'Soltera', NULL),
(316, 'Edgar Martin', 'Cabral Ferreira', '', 1, 'Encarnacion', '1991-05-27', '', 'masculino', 'Soltero', NULL),
(317, 'Cesar Damian', 'Figueredo Mongelos', '', 1, 'Encarnacion', '1987-12-16', '', 'masculino', 'Soltero', NULL),
(318, 'Ruben Dario', 'Hermosilla Rodriguez', '', 1, 'Encarnacion', '1983-06-09', '', 'masculino', 'Soltero', NULL),
(319, 'Leticia Ramona', 'Iturbe Morais', '', 1, 'Ciudad del Este', '1991-09-01', '', 'femenino', 'Soltera', NULL),
(320, 'Perla Noemi', 'Meaurio Insaurralde', '', 1, 'Encarnacion', '1991-12-12', '', 'femenino', 'Soltera', NULL),
(321, 'Adam', 'Ortega Ladan', '', 1, 'Hohenau', '1990-11-26', '', 'masculino', 'soltero', NULL),
(322, 'Ruben Antonio', 'Velazquez Ortigoza', '', 1, 'General Delgado', '1988-09-09', '', 'masculino', 'soltero', NULL),
(323, 'Lilisn Elizabeth', 'Villaverde Portillo', '', 1, 'Encarnacion', '1992-08-25', '', 'femenino', 'Soltera', NULL),
(324, 'Lourdes Veronica', 'Amarilla Sanchez', '', 1, 'Santiago Misiones', '1992-08-21', '', 'femenino', 'Soltera', NULL),
(325, 'Rolando Martin', 'Lopez Muller', '', 1, 'Encarnaciòn', '1992-06-10', '', 'masculino', 'soltero', NULL),
(326, 'Abelardo Cesar', 'Aquino Vallejos', '', 1, 'San Rafael del Parana', '1988-08-28', '', 'masculino', 'Soltero', NULL),
(327, 'Cesar', 'Bogado Pereira', '', 1, 'Encarnacion', '1993-02-23', '', 'masculino', 'Soltero', NULL),
(328, 'Pablo Miguel', 'Cano Cabañas', '', 1, 'San Cosme y Damian', '1992-06-29', '', 'masculino', 'Soltero', NULL),
(329, 'Pedro Osmar', 'Cortti Nuñez ', '', 1, 'encarnacion', '1991-09-08', '', 'masculino', 'Soltero', NULL),
(330, 'Guillermo', 'Dominguez Delvalle', '', 1, 'Encarnacion', '1992-10-12', '', 'masculino', 'soltero', NULL),
(331, 'Raul Egidio', 'Ferreira Goebel', '', 1, 'Encarnacion', '0000-00-00', '', 'masculino', 'Soltero', NULL),
(332, 'Julio', 'Gimenez Gimenez', '', 1, 'Mbuyapey', '1986-08-09', '', 'masculino', 'Soltero', NULL),
(333, 'Luz Maria Elena', 'Matiauda Duarte', '', 1, 'Encarnaciòn', '1991-08-09', '', 'femenino', 'Soltera', NULL),
(334, 'Obdulio Antonio', 'Melgarejo Flores', '', 1, 'Coronel Bogado', '1991-10-06', '', 'masculino', 'Soltero', NULL),
(335, 'Ivan Agileo', 'Gini Ayala', '', 1, 'Encarnacion', '1993-04-19', '', 'masculino', 'Soltero', NULL),
(336, 'Angela Ines', 'Montiel Galeano', '', 1, 'Encarnaciòn', '1992-01-12', '', 'femenino', 'Soltera', NULL),
(337, 'Maggi Belen', 'Gonzalez Riveros', '', 1, 'Hohenau', '1992-11-14', '', 'femenino', 'Soltera', NULL),
(338, 'Angel Augusto', 'Gutmann', '', 1, 'Encarnacion', '1993-04-26', '', 'masculino', 'Soltero', NULL),
(339, 'Cristian Ramon', 'Lescano Quiroz', '', 1, 'General Delgado', '1993-08-31', '', 'masculino', 'Soltero', NULL),
(340, 'Luis Miguel', 'Martinez Cantero', '', 1, 'San Roque Gonzalez', '1985-09-25', '', 'masculino', 'Soltero', NULL),
(341, 'Cesar Fernando', 'Nuñez Amarilla', '', 1, 'Fernando de la Mora', '1992-10-01', '', 'masculino', 'Soltero', NULL),
(342, 'Noelia Alejandra', 'Nuñez Morel', '', 1, 'Cambyreta', '1993-06-14', '', 'femenino', 'Soltera', NULL),
(343, 'Hector', 'Ramirez Paez', '', 1, 'Encarnacion', '1992-07-06', '', 'masculino', 'Soltero', NULL),
(344, 'Jorge Daniel', 'Ojeda Casco', '', 1, 'Encarnación', '1988-02-26', '', 'masculino', 'Soltero', NULL),
(345, 'Silvino Javier', 'Oviedo Ramirez', '', 1, 'San Ignacio - Misiones', '1971-02-17', '', 'masculino', 'Casado', NULL),
(346, 'Lizanne Maria', 'Paez Coll Mairhofer', '', 1, 'Encarnación', '1992-10-23', '', 'femenino', 'Soltera', NULL),
(347, 'Hilda Mabel', 'Peralta Caballero', '', 1, 'Villa Oliva', '1990-04-11', '', 'femenino', 'Soltera', NULL),
(348, 'Edgar Rodrigo', 'Pereira Martinez', '', 1, 'San Pedro del Paraná', '0000-00-00', '', 'masculino', 'Soltero', NULL),
(349, 'Carolina Elizabeth', 'Prendeski Stolaruk', '', 1, 'Encarnación', '1992-05-15', '', 'femenino', 'Soltera', NULL),
(350, 'Alejandro Octavio', 'Ramirez Panza', '', 1, 'Asunción', '1990-02-13', '', 'masculino', 'soltero', NULL),
(351, 'Carla Ramona', 'Rios de Ronzewski', '', 1, 'Carmen del Paraná', '1990-02-26', '', 'femenino', 'Soltera', NULL),
(352, 'Karen Dahiana', 'Salina', '', 1, 'Ayolas', '1991-09-28', '', 'femenino', 'Soltera', NULL),
(353, 'Diana Elizabeth', 'Sanabria Candia', '', 1, 'Encarnación', '1990-10-04', '', 'femenino', 'Soltera', NULL),
(354, 'Amada', 'Segovia Ortiz', '', 1, 'Mayor Otaño', '1991-10-25', '', 'femenino', 'soltera', NULL),
(355, 'Lourdes Maria', 'Silva Rojas', '', 1, 'Encarnación', '1990-08-05', '', 'femenino', 'Soltera', NULL),
(356, 'Cristian Marcelo', 'Silva Bogado', '', 1, 'Coronel Bogado', '1992-05-04', '', 'masculino', 'Soltero', NULL),
(357, 'Maria Noelia', 'Silvero Sotelo', '', 1, 'Encarnación', '1992-01-01', '', 'femenino', 'Soltera', NULL),
(358, 'Diego Andres', 'Sotomayor Melgarejo', '', 1, 'Coronel Bogado', '1989-07-10', '', 'masculino', 'Soltero', NULL),
(359, 'Alba Marina', 'Vargas Gonzalez', '', 1, 'Encarnación', '1992-12-29', '', 'femenino', 'soltera', NULL),
(360, 'Diana Anara', 'Vera Baez Lopez', '', 1, 'Asunción', '1991-05-16', '', 'femenino', 'Soltera', NULL),
(361, 'Tamara Nathaly', 'Villalba Egeverdt', '', 1, 'Edelira Km 20', '1991-05-20', '', 'femenino', 'Soltera', NULL),
(362, 'Fatima', 'Villasanti Sanchez', '', 1, 'General Delgado', '1991-09-20', '', 'femenino', 'Soltera', NULL),
(363, 'Juan Ignacio', 'Zotelo Zotelo', '', 2, 'Buenos Aires', '1992-02-02', '', 'masculino', 'Soltero', NULL),
(364, 'Aldo Javier', 'Velazquez Godoy', '', 1, 'Encarnación', '1987-09-12', '', 'masculino', 'soltero', NULL),
(365, 'Ariel Rolando', 'Bareiro Ortiz', '', 1, 'Encarnación', '1992-02-26', '', 'masculino', 'Soltero', NULL),
(366, 'Hernan', 'Gonzalez Silva', '', 1, 'Coronel Bogado', '1989-01-15', '', 'masculino', 'Soltero', NULL),
(367, 'Eulalio', 'Barrios Benitez', '', 1, 'Fram', '1989-12-10', '', 'masculino', 'soltero', NULL),
(368, 'Miguel Angel', 'Aldana Caballero', '', 1, 'Encarnación', '1986-06-05', '', 'masculino', 'Soltero', NULL),
(369, 'Eduardo Fumihiro', 'Furukawa Fumihiro', '', 1, 'Encarnación', '1990-02-22', '', 'masculino', 'Soltero', NULL),
(370, 'Rodrigo Ramn', 'Espinola Alarcon', '', 1, 'Encarnación', '1990-01-07', '', 'masculino', 'soltero', NULL),
(371, 'Patricia Carolina', 'Dominguez Ruiz Diaz', '', 1, 'Encarnación', '1990-07-30', '', 'femenino', 'Soltera', NULL),
(372, 'Ruben Rolando', 'Mencia Silva', '', 1, 'Coronel Bogado', '1990-07-24', '', 'masculino', 'Soltero', NULL),
(373, 'Laura Raquel', 'Miranda', '', 1, 'Encarnación', '1989-08-16', '', 'femenino', 'Soltera', NULL),
(374, 'Diego', 'Didea Gonzalez', '', 1, 'Encarnación', '1991-07-14', '', 'masculino', 'soltero', NULL),
(375, 'Andrea Paola', 'Cabrera Valdez', '', 1, 'Hohenau', '1987-11-16', '', 'femenino', 'soltera', NULL),
(376, 'Gissela', 'Cabrera Mareco', '', 1, 'Encarnación', '1991-10-01', '', 'femenino', 'Soltera', NULL),
(377, 'Viviana Giselle', 'Britez Zarza', '', 1, 'Natalio Km 10', '1991-10-16', '', 'femenino', 'soltera', NULL),
(378, 'Milena', 'Aguero Memmel', '', 1, 'Encarnación', '1992-07-12', '', 'femenino', 'soltera', NULL),
(379, 'Lourdes Mariela', 'Aquino Caballero', '', 1, 'Encarnación', '1991-10-16', '', 'femenino', 'soltera', NULL),
(380, 'Sandra Patricia', 'Arevalos Estigarribia', '', 1, 'Encarnación', '1992-05-06', '', 'femenino', 'Soltera', NULL),
(381, 'Adriano Ramon', 'Arzamendia Alonso', '', 1, 'Encarnación', '1993-01-23', '', 'masculino', 'Soltero', NULL),
(382, 'Vanessa Liliana', 'Ayala Maidana', '', 1, 'San Ignacio - Misiones', '1993-02-19', '', 'femenino', 'Soltera', NULL),
(383, 'Yessica Isabel', 'Baez Lopez', '', 1, 'Encarnación', '1992-05-29', '', 'femenino', 'Soltera', NULL),
(384, 'Andrea Maria', 'Benitez Galarza', '', 1, 'Encarnación', '2011-07-18', '', 'femenino', 'Soltera', NULL),
(385, 'Veronica Belen', 'Berestovoy Mazurek', '', 1, 'Encarnación', '1992-12-21', '', 'femenino', 'Soltera', NULL),
(386, 'German Damian', 'Brizuela Duarte', '', 1, 'Coronel Bogado', '1993-07-12', '', 'masculino', 'Soltero', NULL),
(387, 'Walter', 'Cabral Camacho', '', 1, 'Capitan Miranda', '1993-07-01', '', 'masculino', 'Soltero', NULL),
(388, 'Candia Britez', 'Silvia Raquel', '', 1, 'Hohenau', '1992-08-09', '', 'femenino', 'Soltera', NULL),
(389, 'Patricia Magali', 'Pañiza Aleman', '', 1, 'Hohenau', '1993-07-01', '', 'femenino', 'Soltera', NULL),
(390, 'Hector Javier', 'Cardozo Ramos', '', 1, 'Encarnación', '1993-03-04', '', 'masculino', 'soltero', NULL),
(391, 'Ada Vanessa', 'Castiñeira Pineda', '', 1, 'Encarnación', '1992-07-11', '', 'femenino', 'soltera', NULL),
(392, 'Laura Analia', 'Chyrnia Lisnichuk', '', 1, 'Encarnación', '1993-05-01', '', 'femenino', 'Soltera', NULL),
(393, 'Sandra Noelia', 'Escobar Lugo', '', 1, 'San Pedro del Paraná', '1991-09-02', '', 'femenino', 'Soltera', NULL),
(394, 'Juan Daniel', 'Estigarribia Arguello', '', 1, 'Asunción', '1992-06-05', '', 'masculino', 'Soltero', NULL),
(395, 'Gustavo Ramon', 'Estigarribia Benitez', '', 1, 'Encarnación', '1985-05-26', '', 'masculino', 'Soltero', NULL),
(396, 'Osvaldo Marcelo', 'Falcon Cabral', '', 1, 'Asunción', '1990-11-15', '', 'masculino', 'Soltera', NULL),
(397, 'Sol Guadalupe', 'Ferreira Garcia', '', 1, 'Encarnación', '1992-06-19', '', 'femenino', 'Soltera', NULL),
(398, 'Luz Martina', 'Ferreira Garcia', '', 1, 'Encarnación', '1992-06-19', '', 'femenino', 'Soltera', NULL),
(399, 'Eliana Beatriz', 'Frutos Mairhofer', '', 1, 'Encarnación', '1993-08-05', '', 'femenino', 'Soltera', NULL),
(400, 'Pamela Desiree', 'Garcia Benitez', '', 1, 'Encarnación', '1993-03-17', '', 'femenino', 'Soltera', NULL),
(401, 'Fiorella Magali', 'Ghiglione Orue', '', 1, 'Encarnación', '1993-02-01', '', 'femenino', 'Soltera', NULL),
(402, 'Luis Alberto', 'Gomez Sanchez', '', 1, 'Coronel Bogado', '1993-05-09', '', 'masculino', 'soltero', NULL),
(403, 'Yaquelin Vanesa', 'Gonzalez Amarilla', '', 1, 'Coronel Bogado', '1993-04-28', '', 'femenino', 'Soltera', NULL),
(404, 'Pedro Adrian', 'Irala Aquino', '', 1, 'Encarnación', '0000-00-00', '', 'masculino', 'Soltero', NULL),
(405, 'Gustavo Daniel', 'Lichi Ramirez', '', 1, 'Encarnación', '1992-05-13', '', 'masculino', 'Soltero', NULL),
(406, 'Cinthya Paola', 'Martnez Fleitas', '', 1, 'Encarnación', '1991-10-15', '', 'femenino', 'Soltera', NULL),
(407, 'Nohelia', 'Mereles Allende', '', 1, 'General Delgado', '1992-11-15', '', 'femenino', 'Soltera', NULL),
(408, 'Guido Gabriel', 'Miño Miralles', '', 1, 'Encarnación', '1993-02-15', '', 'femenino', 'soltera', NULL),
(409, 'Julia Normi', 'Miranda Trinidad', '', 1, 'Santa Rosa', '1991-08-29', '', 'femenino', 'Soltera', NULL),
(410, 'Patricia', 'Olmedo Benitez', '', 1, 'Encarnación', '1992-05-13', '', 'femenino', 'Soltera', NULL),
(411, 'Ivanna Stella', 'Ortega Benitez', '', 1, 'Encarnación', '1990-11-07', '', 'femenino', 'Soltera', NULL),
(412, 'Andrea Mariel', 'Ortiz Garay', '', 1, 'Coronel Bogado', '1992-11-16', '', 'femenino', 'Soltera', NULL),
(413, 'Javier', 'Ortiz Ibarra', '', 1, 'Hohenau', '1992-08-19', '', 'masculino', 'Soltero', NULL),
(414, 'Letticia del Pilar', 'Palacios', '', 1, 'Encarnación', '0192-04-21', '', 'femenino', 'Soltera', NULL),
(415, 'Martin Hugo', 'Peralta de Isasa', '', 1, 'Encarnación', '1992-02-08', '', 'masculino', 'Soltero', NULL),
(416, 'Cinthia Beatriz', 'Piris Cuba', '', 1, 'Encarnación', '1992-06-20', '', 'femenino', 'Soltera', NULL),
(417, 'Andrea Concepcion', 'Redes Martinez', '', 1, 'Edelira', '1992-06-19', '', 'femenino', 'Soltera', NULL),
(418, 'Claudia Elizabeth', 'Rios Lopez', '', 1, 'Encarnación', '1993-07-18', '', 'femenino', 'soltera', NULL),
(419, 'Marcos Isidro', 'Ruiz Diaz Alarcon', '', 1, 'Hohenau', '1992-04-15', '', 'masculino', 'soltero', NULL),
(420, 'Fabiola Elizabeth', 'Vazquez del Puerto', '', 1, 'Ayolas', '1992-11-10', '', 'femenino', 'soltera', NULL),
(421, 'Jazmin del Rocio', 'Velazquez Chaparro', '', 1, 'Encarnación', '1993-02-22', '', 'femenino', 'Soltera', NULL),
(422, 'Iris Griselda', 'Velazquez Sosa', '', 1, 'Encarnación', '1993-02-17', '', 'femenino', 'Soltera', NULL),
(423, 'Gloria Dejesus', 'Villasanti Sanchez', '', 1, 'General Delgado', '1992-10-01', '', 'femenino', 'Soltera', NULL),
(424, 'Debora Yaqueline', 'Yager Nyszline', '', 1, 'Capitan Miranda', '1993-12-09', '', 'femenino', 'soltera', NULL),
(425, 'Rocio Elena', 'Miranda Benitez', '', 1, 'Encarnación', '1993-05-11', '', 'femenino', 'Soltera', NULL),
(426, 'Diana Aidee', 'Gonzalez Nuñez', '', 1, 'Encarnación', '2011-03-14', '', 'femenino', 'Soltera', NULL),
(427, 'Cecilio Augusto', 'Troche Lugo', '', 1, 'San Pedro del Paraná', '1990-08-03', '', 'masculino', 'Soltero', NULL),
(428, 'Jedidas Ariel', 'Amarilla Falco', '', 1, 'Villarrica', '1992-06-15', '', 'masculino', 'soltero', NULL),
(429, 'Laura Lorena', 'Araujo Franco', '', 1, 'Edelira Km 21', '1992-03-03', '', 'femenino', 'soltera', NULL),
(430, 'Fatima Rocio', 'Amarrilla del Puerto', '', 1, 'San Ignacio - Misiones', '1990-02-21', '', 'femenino', 'Soltera', NULL),
(431, 'Ricardo Daniel', 'Gonzalez Ramirez', '', 1, 'Encarnación', '0000-00-00', '', 'masculino', 'soltero', NULL),
(432, 'Ricardo Shuichi', 'Murao Shirasawa', '', 1, 'Pirapo', '1990-10-22', 'A', 'masculino', 'Soltero', NULL),
(433, 'nombre', 'apellido', '', 1, 'hospital', '2000-01-01', '', 'femenino', 'soltera', NULL),
(434, 'nombre', 'apellido', '', 0, 'lugar de nacimiento', '1995-02-02', '', 'femenino', 'Divorciada', NULL),
(435, 'nombre padre', 'apellido padre', '', NULL, 'NULL', '0000-00-00', '', 'NULL', 'NULL', NULL),
(436, 'nombre madre', 'apellido madre', '', NULL, 'NULL', '0000-00-00', '', 'NULL', 'NULL', NULL),
(437, 'nombre padre', 'apellido padre', '', NULL, 'NULL', '0000-00-00', '', 'NULL', 'NULL', NULL),
(438, 'Elba Lucia', 'Ramirez Garay', '', 1, 'Ciudad del Este', '1990-12-13', '', 'femenino', 'soltera', NULL),
(439, 'Noelia Giselle', 'Romero', '', 1, 'Hohenau', '1990-07-17', '', 'femenino', 'soltera', NULL),
(440, 'Marcelo Fabian', 'Cáceres Villar', '', 1, 'Encarnacion', '1993-01-11', '', 'masculino', 'Soltero', NULL),
(441, 'Adan Alberto', 'Centurion Britez', '', 1, 'Encarnacion', '1993-01-24', '', 'femenino', 'Soltero', NULL),
(442, 'Guillermo Ruben', 'Gonzalez Martinez', '', 1, 'Asuncion', '1992-09-13', '', 'masculino', 'Soltero', NULL),
(443, 'Pedro David', 'Gomez Aranda', '', 1, 'Hohenau', '1992-09-05', '', 'masculino', 'soltero', NULL),
(444, 'Silvio Javier', 'Santander Armoa', '', 1, 'Encarnacion', '1991-08-01', '', 'masculino', 'Soltero', NULL),
(445, 'Oscar Alcides', 'Mujica Vera', '', 1, 'San Cosme y Damian', '1992-10-01', '', 'masculino', 'Soltero', NULL),
(446, 'Elvis Daniel', 'Olmedo Patiño', '', 1, 'Ciudad del Este', '1993-01-19', '', 'masculino', 'Soltero', NULL),
(447, 'nombre', 'apellido', '', 0, 'lugar de nacimiento', '1996-01-01', '', 'masculino', 'casado', NULL),
(448, 'nombre', 'apellido', '', 0, 'lugar de nacimiento', '1996-01-01', '', 'femenino', 'soltera', NULL),
(449, 'Domingo Osmar', 'Trinidad Miranda', '', 1, 'San Buenaventura', '1993-03-10', '', 'masculino', 'Soltero', NULL),
(450, 'Antoliano Rodrigo', 'Torres Gaona', '', 1, 'Yatytay', '1993-01-26', '', 'masculino', 'Soltero', NULL),
(451, 'Cever Ramon', 'De Jesus Gonzalez', '', 1, 'Santa Rosa Misiones', '1988-02-21', '', 'masculino', 'soltero', NULL),
(452, 'Victor Miguel Eduardo', 'Rodriguez Soley', '', 2, 'Lanus', '1992-05-26', '', 'masculino', 'soltero', NULL),
(453, 'Cristian Marcelo', 'Gutierrez Fariña', '', 1, 'Encarnacion', '1990-09-03', '', 'masculino', 'soltero', NULL),
(454, 'Pedro Vicente', 'Gonzalez Larre', '', 1, 'Santiago Misiones', '1991-04-02', '', 'masculino', 'Soltero', NULL),
(455, 'Jonathan Asael', 'Cardozo Insfran', '', 1, 'Encarnacion', '1991-08-02', '', 'masculino', 'Soltero', NULL),
(456, 'Gustavo Adam', 'Vallejo Rivarola', '', 1, 'Minga guasu', '1990-08-17', '', 'masculino', 'soltero', NULL),
(457, 'Alberto Ramon', 'Colman Caceres', '', 1, 'Encarnacion', '1991-07-10', '', 'masculino', 'soltero', NULL),
(458, 'Lucas', 'Ferreira', '', 2, 'Posadas misiones', '1991-07-20', '', 'masculino', 'Soltero', NULL),
(459, 'Ricardo', 'Kisser Martinez', '', 1, 'Encarnacion', '1991-11-17', '', 'masculino', 'Soltero', NULL),
(460, 'Christian', 'Ortiz Caceres', '', 1, 'Asuncion', '1992-01-20', '', 'masculino', 'Soltero', NULL),
(461, 'Rolando Ariel', 'Aquino Lopez', '', 1, 'Coronel Bogado', '1990-10-25', '', 'masculino', 'soltero', NULL),
(462, 'Leticia Manuela', 'Alvarez Aguero', '', 1, 'Hohenau', '1992-01-07', '', 'femenino', 'soltera', NULL),
(463, 'Liz Pamela', 'Dominguez', '', 1, 'Hohenau', '1991-09-16', '', 'femenino', 'soltera', NULL),
(464, 'Valeria', 'Guerreño Trinidad', '', 1, 'General Artigas', '1991-01-28', '', 'femenino', 'soltera', NULL),
(465, 'Nancy Juliana', 'Lopez Lopez', '', 1, 'Nueva Alborada', '1991-02-12', '', 'femenino', 'soltera', NULL),
(466, 'Oscar Rodrigo', 'Nuñez Cardozo', '', 1, 'Coronel Bogado', '1992-01-10', '', 'masculino', 'soltero', NULL),
(467, 'Claudelino', 'Rodriguez Fernandez', '', 1, 'San Pedro del Parana', '1991-10-13', '', 'masculino', 'soltero', NULL),
(468, 'Mariela Carolina', 'Silva Ramirez', '', 1, 'Santa Rosa Misiones', '1985-11-07', '', 'femenino', 'soltera', NULL),
(469, 'Dolly Estela', 'Adaro Cubilla', '', 1, 'Yuty', '1989-11-02', '', 'femenino', 'Soltera', NULL),
(470, 'Sandra Mabel', 'Michalczuk Dubowski', '', 1, 'Hohenau', '1992-06-01', '', 'femenino', 'Soltera', NULL),
(471, 'Juan Esteban', 'Noguera Falcon', '', 1, 'nacimiento', '1984-07-30', '', 'masculino', 'Soltero', NULL),
(472, 'Herminio Roberto', 'Soley Aquino', '', 1, 'encarnacion', '1993-08-10', '', 'masculino', 'Soltero', NULL),
(473, 'Hector Agustin', 'Vargas Aguero', '', 1, 'Asuncion', '1992-08-28', '', 'masculino', 'Soltero', NULL),
(474, 'Abelardo', 'Gonzalez Montiel', '', 1, 'San Cosme y Damian', '1990-12-27', '', 'masculino', 'Soltero', NULL),
(475, 'Silvana Maria', 'Gonzalez Flores', '', 1, 'Asuncion', '1991-04-19', '', 'femenino', 'soltera', NULL),
(476, 'Emilia Nathaly', 'Acosta Britez', '', 1, 'Hohenau', '1990-11-07', '', 'femenino', 'soltera', NULL),
(477, 'Luz Eliana', 'Avalos Barboza', '', 1, 'Coronel Bogado', '1990-05-27', '', 'femenino', 'soltera', NULL),
(478, 'Cinthia Carolina', 'Baez Morinigo', '', 1, 'Encarnacion', '1991-02-20', '', 'femenino', 'soltera', NULL),
(479, 'Yessica Analia', 'Centurion Duarte', '', 1, 'Encarnacion', '1988-05-09', '', 'femenino', 'soltera', NULL),
(480, 'Gessica Dahiana', 'Sosa Balbuena', '', 1, 'Encarnacion', '1991-05-15', '', 'femenino', 'soltera', NULL),
(481, 'Nelson Adolfo', 'Viveros Chamorro', '', 4, 'Coronel Bogado', '1991-11-09', '', 'masculino', 'soltero', NULL),
(482, 'Yennifer Yamir', 'Romero Basili', '', 1, 'Fram', '1989-03-28', '', 'femenino', 'soltera', NULL),
(483, 'Maria Leticia', 'Escalante Ojeda', '', 1, 'Encarnacion', '1990-05-21', '', 'femenino', 'soltera', NULL);
INSERT INTO `personas` (`id_persona`, `nombre`, `apellido`, `alias`, `id_nacionalidad`, `lugar_nacimiento`, `fecha_nacimiento`, `grupo_sanguineo`, `genero`, `estado_civil`, `clave`) VALUES
(484, 'Jennifer Carol', 'Centurion', '', 1, 'Encarnacion', '1989-02-24', '', 'femenino', 'soltera', NULL),
(485, 'Rosa Fátima', 'Cohene Orrego', '', 1, 'Caacupe', '1988-06-10', '', 'femenino', 'soltera', NULL),
(486, 'Liliana Mabel', 'Florentin Almada', '', 1, 'Fram', '1989-05-25', '', 'femenino', 'soltera', NULL),
(487, 'Lourdes Carolina', 'Paredes Acuña', '', 1, 'General Artigas', '1990-09-09', '', 'femenino', 'soltera', NULL),
(488, 'Angela Alicia', 'Prychodko Osipovich', '', 1, 'Coronel Bogado', '1989-04-09', '', 'femenino', 'soltera', NULL),
(489, 'Andrea Maribel', 'Velazquez Roman', '', 1, 'General Delgado', '1989-06-12', '', 'femenino', 'soltera', NULL),
(490, 'Victor Daniel', 'Burgos Galeano', '', 1, 'Encarnacion', '1991-05-24', '', 'masculino', 'soltero', NULL),
(491, 'Ricardo Francisco', 'Arevalo Ayala', '', 1, 'Encarnacion', '1989-09-12', '', 'masculino', 'Soltero', NULL),
(492, 'Maria Noelia', 'Britez', '', 1, 'Encarnacion', '1992-01-31', '', 'femenino', 'Soltera', NULL),
(493, 'Andrea Belen', 'Cristaldo Rodriguez', '', 1, 'Carmen del Parana', '1991-12-13', '', 'femenino', 'Soltera', NULL),
(494, 'Laurice', 'Montiel Flores', '', 1, 'Pedro Juan Caballero', '1991-11-17', '', 'femenino', 'Soltera', NULL),
(495, 'Natalia Alejandra', 'Ocampos Duarte', '', 1, 'Encarnacion', '1991-07-31', '', 'femenino', 'Soltera', NULL),
(496, 'Teodoro Fabian', 'Sanabria ', '', 1, 'Fram', '1993-05-24', '', 'masculino', 'Soltero', NULL),
(497, 'Cecilia', 'Zarza Correa', '', 1, 'obligado', '1992-01-01', '', 'femenino', 'soltera', NULL),
(498, 'Eliana Gissel', 'Baez Gomez', '', 1, 'Asuncion', '1993-12-21', 'ARH+', 'femenino', 'Soltera', NULL),
(499, 'Eliseo Daniel', 'Duarte Ackerley', '', 1, 'Asuncion', '1994-02-16', '', 'masculino', 'Soltero', NULL),
(500, 'Celso Daniel', 'Paez Pedrozo', '', 1, 'Encarnacion', '1994-04-23', '', 'masculino', 'Soltero', NULL),
(501, 'Heidi Zeneida', 'Romero Basili', '', 1, 'Fram', '1993-12-16', '', 'femenino', 'Soltera', NULL),
(502, 'Mathias Federico', 'Arce Benitez', '', 1, 'Encarnacion', '1989-08-01', '', 'masculino', 'soltero', NULL),
(503, 'Fiama Patricia', 'Florentin ', '', 1, 'general Artigas', '1990-10-30', '', 'femenino', 'soltera', NULL),
(504, 'Cinthia Gabriela', 'Gomez Gonzalez', '', 1, 'Hohenau', '1991-02-28', '', 'femenino', 'soltera', NULL),
(505, 'Noe Mitsunari', 'Oda Acuña', '', 1, 'Asuncion', '1990-01-12', '', 'masculino', 'soltero', NULL),
(506, 'Maria Laura', 'Ruis Diaz Ayala', '', 1, 'Encarnacion', '1990-01-01', '', 'femenino', 'soltera', NULL),
(507, 'Noelia Zamira', 'Caballero Tilleria', '', 1, 'Encarnacion', '1992-08-01', '', 'femenino', 'Soltera', NULL),
(508, 'Camila Cinthia Raquel', 'Lurachi M', '', 1, 'Encarnacion', '1984-10-10', '', 'femenino', 'soltera', NULL),
(509, 'Blas Simon', 'Villalba Rivas', '', 1, 'Gral Artigas', '1992-09-15', '', 'masculino', 'Soltero', NULL),
(510, 'Dahyana Maribel', 'Alcaraz Cristaldo', '', 1, 'San Juan Bautista', '1993-12-28', '', 'femenino', 'Soltera', NULL),
(511, 'Maria Jose', 'Bogado Androchuk', '', 1, 'Encarnacion', '1993-12-23', '', 'femenino', 'Soltera', NULL),
(512, 'David Nicolas', 'Centurion Demitruk', '', 1, 'Asuncion', '1993-08-08', '', 'masculino', 'Soltero', NULL),
(513, 'Dahiana elizabeth', 'Fariña Duarte', '', 1, 'Hohenau', '1993-10-07', '', 'femenino', 'Soltera', NULL),
(514, 'Erik Dretter', 'Hostedt Godoy', '', 1, 'Asuncion', '1992-04-28', '', 'masculino', 'Soltero', NULL),
(515, 'Azucena Luz Maria', 'Mendoza Chamorro', '', 1, 'Hohenau', '1993-06-18', '', 'femenino', 'Soltera', NULL),
(516, 'Nancy Beatriz', 'Ortiz Caceres', '', 1, 'Encarnacion', '1993-07-29', '', 'femenino', 'Soltera', NULL),
(517, 'Daisy Ramona', 'Quiroga Dominguez', '', 1, 'lugar', '1993-01-01', '', 'femenino', 'soltera', NULL),
(518, 'Fatima Raquel', 'Sanchez Gomez', '', 1, 'Encarnacion', '1994-05-31', '', 'femenino', 'Soltera', NULL),
(519, 'Gabriela Anahi', 'Vilalba Mendoza', '', 1, 'Hohenau', '1994-05-05', '', 'femenino', 'Soltera', NULL),
(520, 'Manuel Vicente', 'Villaverde Portillo', '', 1, 'Encarnacion', '1988-01-18', '', 'masculino', 'soltero', NULL),
(521, 'Pamela Eduvigis', 'Ortiz Nuñez', '', 1, 'Encarnacion', '1991-03-11', '', 'femenino', 'Soltera', NULL),
(522, 'Fernando Ariel', 'Perez Valenzuela', '', 1, 'Encarnacion', '1990-05-08', '', 'masculino', 'soltero', NULL),
(523, 'Sandra Carina', 'Flores Ayala', '', 1, 'Coronel Bogado', '1984-06-21', '', 'femenino', 'soltera', NULL),
(524, 'Liz Carolina', 'Acosta Vera', '', 1, 'Encarnacion', '1994-02-09', '', 'femenino', 'Soltera', NULL),
(525, 'Christian Andres', 'Armoa Vallejos', '', 1, 'Encarnacion', '1992-08-17', '', 'masculino', 'Soltero', NULL),
(526, 'Pedro Ariel', 'Barboza Sanabria', '', 2, 'Buenos Aires', '1993-07-03', '', 'masculino', 'Soltero', NULL),
(527, 'Juan Manuel', 'Bogado Machado', '', 1, 'Enacarnacion', '1991-12-31', '', 'masculino', 'soltero', NULL),
(528, 'Victor Ariel', 'De los Santos Fleitas', '', 1, 'San Miguel Curuzu', '1990-03-29', '', 'masculino', 'soltero', NULL),
(529, 'Aldo Ben', 'Duarte Grahl', '', 1, 'encarnacion', '1989-03-29', '', 'masculino', 'soltero', NULL),
(530, 'Enrique Daniel', 'Godoy Rodriguez', '', 1, 'Asuncion', '1993-08-30', '', 'masculino', 'Soltero', NULL),
(531, 'Alberto Javier', 'Millan Ramirez', '', 1, 'Encarnacion', '1994-01-18', '', 'masculino', 'Soltero', NULL),
(532, 'Rodrigo Fabian', 'Ortiz Sanchez', '', 1, 'San juan misiones', '1994-07-22', '', 'masculino', 'Soltero', NULL),
(533, 'Jose Antonio', 'Portillo Cañete', '', 1, 'Asuncion', '1986-01-20', ' ', 'masculino', 'Soltero', NULL),
(534, 'Soledad Alejandra', 'Sandagorda', '', 1, 'Encarnacion', '1994-02-20', '', 'femenino', 'Soltera', NULL),
(535, 'Rossana', 'Sanchez Dominguez', '', 1, 'Hohenau', '1993-06-18', '', 'femenino', 'Soltera', NULL),
(536, 'Cristian Ivan', 'Segovia Acuña', '', 1, 'Encarnacion', '1995-01-06', '', 'masculino', 'Soltero', NULL),
(537, 'Juan Alejandro', 'Vega Galeano', '', 1, 'Encarnacion', '1994-02-27', '', 'masculino', 'Soltero', NULL),
(538, 'Claudio Enrique', 'Ramirez Rodriguez', '', 1, 'Encarnacion', '1987-10-06', '', 'masculino', 'soltero', NULL),
(539, 'Sergio Taiji', 'Ikezoe Soito', '', 1, 'Pirapo', '1990-12-19', '', 'masculino', 'Soltero', NULL),
(540, 'Diego Ruben', 'Genes Da Silva', '', 1, 'Asuncion', '1992-07-21', '', 'masculino', 'Soltero', NULL),
(541, 'Roberth Ramon', 'meza Godoy', '', 1, 'San Lorenzo', '1993-08-14', '', 'masculino', 'Soltero', NULL),
(542, 'Lorenzo Arnaldo', 'Ortiz Lugo', '', 1, 'Misiones', '1987-08-10', '', 'masculino', 'Soltero', NULL),
(543, 'Marcelo Daniel', 'Benitez Rojas', '', 1, 'Villarrica', '1994-04-03', '', 'masculino', 'Soltero', NULL),
(544, 'Jose Antonio', 'Torres Monzon', '', 1, 'San Ignacio', '1993-12-20', '', 'masculino', 'Soltero', NULL),
(545, 'David DeJesus', 'Alvarenga Espinola', '', 1, 'Asuncion', '1993-04-19', '', 'masculino', 'Soltero', NULL),
(546, 'Aldo Fabian', 'Amarilla', '', 1, 'Encarnacion', '1993-12-05', '', 'masculino', 'Soltero', NULL),
(547, 'Christian Daniel', 'Escobar Cabrera', '', 1, 'Asuncion', '1993-09-15', '', 'masculino', 'Soltero', NULL),
(548, 'Bryan Jose Antonio', 'Aranda Zarza', '', 1, 'San ignacio - Misiones', '1993-07-08', '', 'masculino', 'Soltero', NULL),
(571, 'Johana Gisselle', 'Lezcano Irala', 'Johana Lezcano', 1, 'Ayolas Misiones', '1989-11-15', 'A+', '0', 'soltero', 0x6e6f6e656d616e),
(572, 'Jessica Pamela', 'Caceres', 'Jessica Caceres', 1, 'San Cosme y Damian', '1994-06-10', '', '0', 'Soltera', NULL),
(573, 'Rubén Dario', 'Selent Benitez', 'Rubén Selent', 1, 'Encarnación', '1992-03-31', '', '0', 'Soltero', NULL),
(574, 'Arístides ', 'Torres González', 'Arístides Torres', 1, 'San Patricio Misiones', '1986-01-17', 'B+', 'Masculino', 'Casado', 0x30393934303037637974),
(575, 'Rocío Soledad', 'Santa Crúz González ', 'Rocío Santa', 1, 'Encarnación', '1989-05-26', '', '0', 'Soltera', NULL),
(576, 'María Josefina', 'Guerrero Mareco', 'María Guerrero', 11, 'Santa Rosa Misiones ', '1994-03-19', '', '0', 'Soltera', NULL),
(577, 'Alfredo', 'Chaparro Núñez', 'Alfredo Chaparro', 4, 'Caacupé', '1987-11-05', '', '0', 'Soltero', NULL),
(578, 'Lucas Daniel', 'Ibarra Acuña', 'Lucas Ibarra', 1, 'Encarnación', '1996-09-27', 'O(+)', '0', 'Soltero', NULL),
(579, 'Victorino Manuel', 'Garcete Bóveda', 'Victorino Garcete', 1, 'Encarnación', '1995-05-04', 'B(+)', '0', 'Soltero', NULL),
(580, 'Sergio Ramón ', 'Rodriguez Gomez', 'Sergio Rodriguez', 1, 'Hohenau', '1997-01-21', 'O(+)', '0', 'Soltero', NULL),
(581, 'Christian Daniel', 'Pérez González', 'Christian Pérez', 1, 'Encarnación', '1994-05-31', 'RH(+)', '0', 'Soltero', NULL),
(582, 'Roland Mathias', 'Amarilla Silvero', 'Roland Amarilla', 1, 'Obligado', '1996-07-04', 'O(+)', '0', 'Soltero', NULL),
(583, 'Hugo Fabian', 'Venia Ocampos', 'Hugo Venia', 1, 'Encarnación', '1992-07-17', 'O(+)', '0', 'Soltero', NULL),
(584, 'Karen Gissel', 'Zawadski Mörstedt', 'Karen Zawadski', 1, 'Hohenau', '1996-11-01', 'O(+)', '0', 'Soltera', NULL),
(585, 'Ervin Arturo', 'Fischer Herter', 'Ervin Fischer', 1, 'Obligado', '1996-05-06', 'O(+)', '0', 'Soltero', NULL),
(586, 'Francisco', 'Aquino Fretes', 'Francisco Aquino', 1, 'San Ignacio', '1992-10-04', '', '0', 'Soltero', NULL),
(587, 'Francisco Javier', 'González Dominguez', 'Francisco González', 1, 'Juan E. O''Leary', '1991-05-25', '', '0', 'Soltero', NULL),
(588, 'Nestor', 'Sanchez Rivis', 'Nestor Sanchez', 1, 'Caaguazú', '1996-09-02', '', '0', 'Soltero', NULL),
(589, 'Kevin Daniel', 'Sigaud Garcia', 'Kevin Sigaud', 1, 'Encarnación', '1995-02-25', '', '0', 'Soltero', NULL),
(590, 'Carlos Alberto', 'Martínez Torres', 'Carlos Martínez', 1, 'Encarnación', '1997-02-21', '', '0', 'Soltero', NULL),
(591, 'Juan José', 'Duré Esquivel', 'Juan Duré', 1, 'Encarnación', '1996-06-26', '', '0', 'Soltero', NULL),
(592, 'Gabriel Hernan', 'Villarreo', 'Gabriel Villarreo', 2, 'Posadas', '1996-05-01', '', '0', 'Soltero', NULL),
(593, 'Bryan Gerónimo', 'Pedrozo Balbuena', 'Bryan Pedrozo', 1, 'Edelira', '1997-02-03', 'O(-)', '0', 'Soltero', NULL),
(594, 'Samuel Federico', 'Ramírez González', 'Samuel Ramírez', 1, 'Encarnación', '1994-03-06', '', '0', 'Soltero', NULL),
(595, 'Jesús María', 'Sánchez Vera', 'Jesús Sánchez', 1, 'Encarnación', '1995-04-23', '', '0', 'Soltero', NULL),
(596, 'Marcos Manuel', 'Ibarra Giménez', 'Marcos Ibarra', 1, 'San Ignacio', '1997-03-16', '', '0', 'Soltero', NULL),
(597, 'Nestor Adrian', 'Franco Del Puerto', 'Nestor Franco', 1, 'Obligado', '1998-02-19', 'A(+)', '0', 'Soltero', NULL),
(598, 'Orlando Matias', 'Morínigo Fernández', 'Orlando Morínigo', 1, 'Encarnación', '1997-01-22', '', '0', 'Soltero', NULL),
(599, 'Cristhian Daniel', 'Corbalan', 'Cristhian Corbalan', 1, 'Encarnación', '1992-07-15', 'O(+)', '0', 'Soltero', NULL),
(600, 'Pablo Diosnel', 'Bareiro Gonzalez', 'Pablo Bareiro', 1, 'Encarnación', '1988-06-29', 'B(+)', '0', 'Soltero', NULL),
(601, 'Ernesto Daniel', 'Aranda Escobar', 'Ernesto Aranda', 1, 'Encarnación', '1988-11-07', 'O(+)', '0', 'Soltero', NULL),
(602, 'Oscar Fabián', 'Alegre Ayala', 'Oscar Alegre', 1, 'Santo Domingo', '1995-02-13', '', '0', 'Soltero', NULL),
(603, 'Gustavo Ramón', 'Galeano Benítez', 'Gustavo Galeano', 1, 'Encarnación', '1994-09-11', 'O(+)', '0', 'Soltero', NULL),
(604, 'Maros Tulio', 'Cardozo Vázquez', 'Maros Cardozo', 1, 'San Ignacio', '1996-11-07', '', '0', 'Soltero', NULL),
(605, 'Anibal Enrique Junior', 'Ramírez Benítez', 'Anibal Ramírez', 1, 'Coronel Bogado', '1996-09-13', '', '0', 'Soltero', NULL),
(606, 'Emanuel Alejandro', 'Gómez Sánchez', 'Emanuel Gómez', 1, 'Coronel Bogado', '1996-02-01', '', '0', 'Soltero', NULL),
(607, 'Rubén Martin', 'Gonzalez Vega', 'Rubén Gonzalez', 1, 'Cambyreta', '1995-09-22', 'O(+)', '0', 'Soltero', NULL),
(608, 'Roberto Carlos', 'López Fernández', 'Roberto López', 1, 'Santa Teresa', '1988-05-15', '', '0', 'Soltero', NULL),
(609, 'Elias Esteban', 'Alonzo', 'Elias Alonzo', 2, 'Buenos Aires', '1992-09-15', '', '0', 'Soltero', NULL),
(610, 'Walter Rubén', 'Duarte Bobadilla', 'Walter Duarte', 1, 'Asunción', '1996-11-25', '', '0', 'Soltero', NULL),
(611, 'Juan Daniel', 'Encina Riveros', 'Juan Encina', 1, 'San Pedro del Paraná', '1996-11-16', 'A(+)', '0', 'Soltero', NULL),
(612, 'Cinthia Evelin', 'Fernández Paredes', 'Cinthia Fernández', 1, 'Santiago', '1996-07-05', 'A(+)', '0', 'Soltera', NULL),
(613, 'Karen Johanna ', 'Fritz Ertel', 'Karen Fritz', 1, 'Encarnación', '1997-02-13', '', '0', 'Soltera', NULL),
(614, 'Francisco Luis', 'Gómez Báez', 'Francisco Gómez', 1, 'Asunción', '1996-10-04', 'RH(+)', '0', 'Soltero', NULL),
(615, 'Natalia Alejandra', 'González González', 'Natalia González', 1, 'Hohenau', '1996-05-16', 'O(+)', '0', 'Soltera', NULL),
(616, 'Sara María', 'Larré Céspedes', 'Sara Larré', 1, 'Ayolas', '1996-12-13', 'O(+)', '0', 'Soltera', NULL),
(617, 'Lucio De La Cruz', 'Martinez Segovia', 'Lucio Martinez', 1, 'San Ignacio', '2015-09-14', 'O(+)', '0', 'Soltero', NULL),
(618, 'Maria Rosa', 'Martinez  Lujan', 'Maria Martinez', 1, 'Encarnación', '1995-07-06', '', '0', 'Soltera', NULL),
(619, 'César Javier', 'Mendoza Fernandez', 'César Mendoza', 1, 'Capitán Meza', '1995-10-14', '', '0', 'Soltero', NULL),
(620, 'Nadia Elizabeth', 'Meza Maudslay', 'Nadia Meza', 1, 'Pilar', '1997-01-23', 'B(-)', '0', 'Soltero', NULL),
(621, 'Natalia Viviana', 'Molinas Benitez ', 'Natalia Molinas', 1, 'Encarnación', '1995-11-30', 'O(+)', '0', 'Soltera', NULL),
(622, 'Milka Belén', 'Mujica Ramírez', 'Milka Mujica', 1, 'San Lorenzo', '1996-05-25', 'RH(+)', '0', 'Soltera', NULL),
(623, 'Andrea Celeste', 'Oviedo Cubilla', 'Andrea Oviedo', 1, 'José Leandro Oviedo', '1996-11-27', 'O(+)', '0', 'Soltera', NULL),
(624, 'Fernando Daniel', 'Páez Aguilar ', 'Fernando Páez', 1, 'Maria Auxiliadora', '1997-05-12', '', '0', 'Soltero', NULL),
(625, 'Lucas Daniel', 'Palacios Florentin', 'Lucas Palacios', 1, 'Encarnación', '1996-03-09', 'A(+)', '0', 'Soltero', NULL),
(626, 'Sergio Agustin', 'Rodriguez', 'Sergio Rodriguez', 1, 'Encarnación', '1995-06-23', 'A(+)', '0', 'Soltero', NULL),
(627, 'Dario Alfredo', 'Rojas Argüello', 'Dario Rojas', 1, 'Encarnación', '1996-06-12', 'O(+)', '0', 'Soltero', NULL),
(628, 'Lourdes Mariel', 'Romero Díaz', 'Lourdes Romero', 1, 'Pilar', '1995-11-16', 'O(+)', '0', 'Soltero', NULL),
(629, 'Luis Fermin', 'Saucedo Sosa', 'Luis Saucedo', 1, 'Hohenau', '1995-10-01', '', '0', 'Soltero', NULL),
(630, 'Irma', 'González', 'Irma González', 1, 'Edelira km 21', '1994-02-06', '', '0', 'Soltero', NULL),
(631, 'Germán Ernesto', 'Rive Ferreira', 'Germán Rive', 1, 'Capitán Meza km 16', '1991-04-21', '', '0', 'Soltero', NULL),
(632, 'Jeisson Adrian', 'Zismann Neff', 'Jeisson Zismann', 1, 'Hoenau', '1994-09-12', '', '0', 'Soltero', NULL),
(633, 'César Omar', 'Romero Giménez', 'César Romero', 1, 'Capitán Meza Puerto', '1994-08-11', '', '0', 'Soltero', NULL),
(634, 'Nancy Maricel', 'Gielow Zang', 'Nancy Gielow', 1, 'Capitán Meza Puerto', '1991-10-08', '', '0', 'Soltera', NULL),
(635, 'Lidio Daniel', 'Acosta Velázquez', 'Lidio Acosta', 1, 'Encarnación', '1993-02-28', '', '0', 'Soltero', NULL),
(636, 'Aldo Andrés', 'Sosa Segovia', 'Aldo Sosa', 1, 'Capitán Meza Puerto', '1994-10-25', '', '0', 'Soltero', NULL),
(637, 'Alfonso Ariel ', 'Montiel Ugarte', 'Alfonso Montiel', 1, 'San Juan Bautista Misiones ', '1991-03-20', '', '0', 'Soltero', NULL),
(638, 'Roberto Ignacio', 'Fernández Garcete ', 'Roberto Fernández', 1, 'Edelira km 21', '1995-07-31', '', '0', 'Soltero', NULL),
(639, 'Ana', 'Miño Obtavo', 'Ana Miño', 1, 'Natalio', '1982-05-27', '', '0', 'Casada', NULL),
(640, 'Edit Mariela ', 'Acuña Frutos ', 'Edit Acuña', 1, 'Edelira', '1988-01-24', '', '0', 'Soltera', NULL),
(641, 'Jamilee Jackelin ', 'Closs Endler', 'Jamilee Closs', 1, 'Hoenau', '1990-03-01', '', '0', 'Soltera', NULL),
(642, 'Alejandro Fabian ', 'Villalba Ojeda', 'Alejandro Villalba', 1, 'Capitán Meza', '1993-06-21', '', '0', 'Soltero', NULL),
(643, 'Rossana ', 'Vianconi Velázquez', 'Rossana Vianconi', 1, 'Edelira', '1993-12-31', '', '0', 'Soltera', NULL),
(644, 'Diego', 'Silva Arzamendia', 'Diego Silva', 1, 'Hohenau', '1995-06-15', 'O(+)', '0', 'Soltero', NULL),
(645, 'Tatiana Tamara', 'Torres Báez', 'Tatiana Torres', 1, 'Encarnación', '1996-02-23', '', '0', 'Soltera', NULL),
(646, 'Derlis Ariel', 'Venialgo Cardozo', 'Derlis Venialgo', 1, 'San Lorenzo', '1996-12-22', '', '0', 'Soltero', NULL),
(647, 'Natalia Belén', 'Yakusik Cabral', 'Natalia Yakusik', 1, 'Encarnación', '1997-04-27', '', '0', 'Soltera', NULL),
(648, 'Rosa', 'Yesa Candia', 'Rosa Yesa', 1, 'Edelira', '1996-03-06', '', '0', 'Soltera', NULL),
(649, 'Clarissa Nathalia', 'Aranda Kufeld', 'Clarissa Aranda', 1, 'Encarnación', '1996-05-08', 'A(+)', '0', 'Soltera', NULL),
(650, 'Patricia Anabell', 'Vallovera Barrios', 'Patricia Vallovera', 1, 'Asunción', '1997-01-28', 'O(-)', '0', 'Soltera', NULL),
(651, 'Susana Noemi', 'Acevedo Garcete', 'Susana Acevedo', 1, 'Coronel Bogado', '1985-09-18', 'O(+)', '0', 'Soltera', NULL),
(652, 'Diana Gisselle', 'Alcaraz Villalba', 'Diana Alcaraz', 1, 'Nueva Alborada', '1996-02-15', '', '0', 'Soltera', NULL),
(653, 'Lorena Grisel', 'Aranda Domínguez', 'Lorena Aranda', 1, 'Tomás Romero Pereira', '1996-04-21', 'O(+)', '0', 'Soltera', NULL),
(654, 'Rocio Belén', 'Báez Escobar', 'Rocio Báez', 1, 'Encarnación', '1996-10-07', 'A(+)', '0', 'Soltera', NULL),
(655, 'Raquel Beatriz', 'Benítez Figueredo', 'Raquel Benítez', 1, 'Encarnación', '1996-01-19', '', '0', 'Soltera', NULL),
(656, 'Natalia', 'Bustamante Godoy', 'Natalia Bustamante', 1, 'Hohenau', '1997-02-21', '', '0', 'Soltera', NULL),
(657, 'Fabián', 'Didea González', 'Fabián Didea', 1, 'Encarnación', '1994-03-17', '', '0', 'Soltero', NULL),
(658, 'María Belén', 'Cáceres Amarilla', 'María Cáceres', 1, 'Encarnación', '1997-02-24', '', '0', 'Soltera', NULL),
(659, 'Yennifer Carolina', 'Colmán Ortigoza', 'Yennifer Colmán', 1, '.', '1997-12-12', '', '0', 'Soltera', NULL),
(660, 'Alexandra Paola', 'Finger Matuichuk', 'Alexandra Finger', 1, 'Obligado', '1996-03-07', 'A(-)', '0', 'Soltera', NULL),
(661, 'Claudia Mabel', 'Gamón Röpke', 'Claudia Gamón', 1, 'Obligado', '1996-09-21', 'O(+)', '0', 'Soltera', NULL),
(662, 'Camila Belén', 'González Cáceres', 'Camila González', 1, 'Encarnación', '1995-03-07', '', '0', 'Soltera', NULL),
(663, 'Marisa', 'González Gaona', 'Marisa González', 1, 'Encarnación', '1995-06-27', '', '0', 'Soltera', NULL),
(664, 'Librada Noelia', 'Jacket González', 'Librada Jacket', 1, 'Hohenau', '1996-07-01', '', '0', 'Soltera', NULL),
(665, 'Ilza Jazmin', 'López González', 'Ilza López', 1, 'Fernando de la Mora', '1996-10-25', 'O(+)', '0', 'Soltera', NULL),
(666, 'Valeria Del Carmen', 'Mereles Bogado', 'Valeria Mereles', 1, 'Coronel Bogado', '1997-06-26', '', '0', 'Soltera', NULL),
(667, 'Romina', 'Monzón Leiva', 'Romina Monzón', 1, 'Yaty Argaña Cué', '1996-11-18', '', '0', 'Soltera', NULL),
(668, 'Ana Fátima', 'Navarro Valdez', 'Ana Navarro', 1, 'San Ignacio', '1994-06-19', 'O(+)', '0', 'Soltera', NULL),
(669, 'Rocio Micaela', 'Ojeda Acosta', 'Rocio Ojeda', 1, 'Encarnación', '1997-01-17', '', '0', 'Soltera', NULL),
(670, 'María Vaneza', 'Oliveira Matiauda', 'María Oliveira', 1, 'Encarnación', '1996-07-02', 'A(+)', '0', 'Soltera', NULL),
(671, 'Susan Damila', 'Palmerola Armoa', 'Susan Palmerola', 1, 'Pilar', '1997-03-28', '', '0', 'Soltera', NULL),
(672, 'Lisandra Yissel', 'Piris Báez', 'Lisandra Piris', 1, 'Santo Domingo', '1996-10-10', 'O(+)', '0', 'Soltera', NULL),
(673, 'Sandra Marlene', 'Portillo Fariña', 'Sandra Portillo', 1, 'Encarnación', '1996-11-14', '', '0', 'Soltera', NULL),
(674, 'Leila Panambi', 'Sánchez Britez', 'Leila Sánchez', 1, 'Asunción', '1996-11-28', '', '0', 'Soltera', NULL),
(675, 'Micaela Del Carmen', 'Schmickler Morinigo', 'Micaela Schmickler', 1, 'Hohenau', '1996-07-16', 'O(+)', '0', 'Soltera', NULL),
(676, 'Ezequiel David', 'Sigaud Salas', 'Ezequiel Sigaud', 1, 'Encarnación', '1997-08-10', 'B(+)', '0', 'Soltero', NULL),
(677, 'Florencia Rie', 'Tanaka Mizumoto', 'Florencia Tanaka', 1, 'Pirapó', '1996-10-01', 'A(+)', '0', 'Soltera', NULL),
(678, 'Camila Alejandra', 'Villalba Sosa', 'Camila Villalba', 1, 'Encarnación', '1995-04-25', '', '0', 'Soltera', NULL),
(679, 'Maria Verónica ', 'Vera Müller', 'Maria Vera', 1, 'Encarnación', '1996-06-12', '', '0', 'Soltera', NULL),
(680, 'María Cecilia', 'Valdés Segovia', 'María Valdés', 1, 'Coronel Bogado', '1996-10-28', '', '0', 'Soltera', NULL),
(681, 'Laura Isabel', 'Velazco Bobadilla', 'Laura Velazco', 1, 'Asunción', '1996-08-15', 'B(+)', '0', 'Soltera', NULL),
(682, 'Lucas Daniel', 'Alcaraz Romero', 'Lucas Alcaraz', 1, 'Encarnación', '1995-02-09', '', '0', 'Soltero', NULL),
(683, 'Laura Tamara Jhanice', 'Ayala Velázquez', 'Laura Ayala', 1, 'San Ignacio', '1994-08-22', '', '0', 'Soltera', NULL),
(684, 'Natalia Marlene', 'Alegre', 'Natalia Alegre', 1, 'Encarnación', '1995-12-27', '', '0', 'Soltera', NULL),
(685, 'María Yisel', 'Almada Resquin', 'María Almada', 1, 'Encarnación', '1996-01-22', '', '0', 'Soltera', NULL),
(686, 'Pabla Alejandra', 'Acuña Arriola', 'Pabla Acuña', 1, 'General Arigas', '1994-10-14', '', '0', 'Soltera', NULL),
(687, 'Lucia', 'Florentin Galeano', 'Lucia Florentin', 1, 'General Artigas', '1995-11-21', '', '0', 'Soltero', NULL),
(688, 'Rebeca Belén', 'Budeni Zapata', 'Rebeca Budeni', 1, 'Encarnación', '1995-08-11', '', '0', 'Soltera', NULL),
(689, 'Paola Belén', 'Benitez Faría', 'Paola Benitez', 1, 'Encarnación', '1995-12-03', 'O(+)', '0', 'Soltera', NULL),
(690, 'Alexander Ariel', 'Cardozo Román', 'Alexander Cardozo', 1, 'Encarnación', '1996-03-22', '', '0', 'Soltero', NULL),
(691, 'Camila Patricia', 'Cabello Muñoz', 'Camila Cabello', 1, 'Pilar', '1996-03-23', 'O(+)', '0', 'Soltera', NULL),
(692, 'Nydia', 'Faria', 'Nydia Faria', 1, 'Buenos Aires', '1968-03-19', NULL, 'Femenino', 'Casada', 0x6e79646661303132),
(693, 'Arlin Lelis', 'Caceres Riveros', 'Arlin Caceres', 1, 'Encarnación', '1996-07-16', '', '0', 'Soltera', NULL),
(694, 'Angel Fabián', 'Di Menna Cabaña', 'Angel Di', 1, 'Encarnación', '1995-09-07', '', '0', 'Soltero', NULL),
(695, 'Edgar Joel', 'Díaz Herrera', 'Edgar Díaz', 1, 'Ayolas', '1995-12-20', '', '0', 'Soltero', NULL),
(696, 'Camila Edith', 'Duarte Enriquez', 'Camila Duarte', 1, 'Coronel Bogado', '1996-02-03', '', '0', 'Soltera', NULL),
(697, 'Armando de Jesús', 'Escobar Sanabria', 'Armando Escobar', 1, 'Encarnación', '1995-12-24', '', '0', 'Soltero', NULL),
(698, 'Marina Antonia ', 'Galeano Escobar', 'Marina Galeano', 1, 'Yatytay', '1996-06-19', '', '0', 'Soltera', NULL),
(699, 'Alejandro Alberto', 'Galeano González', 'Alejandro Galeano', 1, 'Encarnación', '1995-07-13', '', '0', 'Soltero', NULL),
(700, 'Ivana Antonella', 'Galeano Ruiz Diaz', 'Ivana Galeano', 1, 'Hohenau', '1996-03-14', 'A(+)', '0', 'Soltera', NULL),
(701, 'Paola Elizabeth', 'Gonzalez Vega', 'Paola Gonzalez', 1, 'Encarnación', '1994-06-18', 'O(+)', '0', 'Casada', NULL),
(702, 'Gessica Belén', 'Giménez Sanabria', 'Gessica Giménez', 1, 'Encarnación', '1994-10-26', '', '0', 'Soltera', NULL),
(703, 'Gualberto', 'López Paredes', 'Gualberto López', 1, 'Colonia Poti', '1995-05-17', '', '0', 'Soltero', NULL),
(704, 'Analía Ines', 'López Ortiz', 'Analía López', 1, 'San Pedro del Paraná', '1995-09-30', '', '0', 'Soltera', NULL),
(705, 'Sergio Daniel', 'León Peña', 'Sergio León', 1, 'Encarnación', '1993-03-06', '', '0', 'Soltero', NULL),
(706, 'José Miguel', 'López Boquet', 'José López', 1, 'Encarnación', '1994-05-02', 'O(-)', '0', 'Soltero', NULL),
(707, 'Alexis Bernardo', 'Morel Hermosa', 'Alexis Morel', 1, 'Encarnación', '1995-12-08', '', '0', 'Soltero', NULL),
(708, 'Dalila Luján', 'Martínez Amarilla', 'Dalila Martínez', 1, 'Encarnación', '1995-12-21', 'A(+)', '0', 'Soltera', NULL),
(709, 'Iván Federico', 'Miller Oleksin', 'Iván Miller', 1, 'Encarnación', '1995-08-05', 'O(+)', '0', 'Soltero', NULL),
(710, 'Larissa Montserrat', 'Maidana Silva', 'Larissa Maidana', 12, 'San Juan Bautista', '1996-05-22', '', '0', 'Soltera', NULL),
(711, 'Mathias Milton', 'Medina Acuña', 'Mathias Medina', 1, 'Encarnación', '1995-10-10', 'O(+)', '0', 'Soltero', NULL),
(712, 'Patricia Belén', 'Pereira', 'Patricia Pereira', 1, 'San Pedro del Paraná', '1995-11-30', '', '0', 'Soltero', NULL),
(713, 'Dahiana Paola', 'Paredes Dávalos', 'Dahiana Paredes', 1, 'San Ignacio', '1995-09-29', '', '0', 'Soltera', NULL),
(714, 'Osvaldo David', 'Parodi Correa', 'Osvaldo Parodi', 1, 'San Pedro del Paraná', '1995-05-21', 'A(+)', '0', 'Soltero', NULL),
(715, 'Jessica Carolina', 'Romero Medina', 'Jessica Romero', 1, 'Santiago', '1995-09-26', '', '0', 'Soltera', NULL),
(716, 'Gianina Rebeca', 'Rojas Giménez', 'Gianina Rojas', 1, 'Encarnación', '1995-10-11', '', '0', 'Soltera', NULL),
(717, 'Sheila Belén', 'Roa Giosa', 'Sheila Roa', 1, 'Encarnación', '1996-04-15', '', '0', 'Soltera', NULL),
(718, 'Armando Daniel', 'Rios Casco', 'Armando Rios', 1, 'Asunción', '1995-02-17', '', '0', 'Soltero', NULL),
(719, 'Lilian Isabel', 'Rotela Torales', 'Lilian Rotela', 1, 'Natalio', '1995-06-29', '', '0', 'Soltera', NULL),
(720, 'Patricia Belén', 'Ramírez Zotelo', 'Patricia Ramírez', 1, 'Encarnación', '1996-01-02', 'O(+)', '0', 'Soltera', NULL),
(721, 'Lisandro Fabian', 'Sarubbi Armoa', 'Lisandro Sarubbi', 1, 'Edelira', '1996-07-28', '', '0', 'Soltero', NULL),
(722, 'Hugo Ariel', 'Vera Araujo', 'Hugo Vera', 2, 'Buenos Aires', '1995-08-17', 'A(+)', '0', 'Soltero', NULL),
(723, 'Noelia Soledad', 'Vera Martinez', 'Noelia Vera', 1, 'Hohenau', '1995-06-16', '', '0', 'Soltera', NULL),
(724, 'Ramón David', 'Vera Figueredo', 'Ramón Vera', 1, 'Hohenau', '1995-06-28', 'A(+)', '0', 'Soltero', NULL),
(725, 'Aldo Gabriel', 'Steimberger Gallas', 'Aldo Steimberger', 1, 'Encarnación', '1993-05-08', '', '0', 'Soltero', NULL),
(726, 'María Alejandra', 'Silvero Sotelo', 'María Silvero', 1, 'Encarnación', '1996-03-01', '', '0', 'Soltera', NULL),
(727, 'Verónica Alejandra', 'Testa Díaz', 'Verónica Testa', 1, 'Encarnación', '1994-05-22', '', '0', 'Soltera', NULL),
(728, 'Ruth Vanessa', 'Alvarenga Palmerola', 'Ruth Alvarenga', 1, 'Fernando de la Mora', '1995-11-19', '', '0', 'Soltera', NULL),
(729, 'Laura Sanny', 'Aguirre Benitez', 'Laura Aguirre', 1, 'Mayor Otaño', '1994-05-06', '', '0', 'Soltera', NULL),
(730, 'Maria Alejandra', 'Alvarez Maidana', 'Maria Alvarez', 1, 'Hohenau', '1996-04-18', 'O(+)', '0', 'Soltera', NULL),
(731, 'Cecilia del Rosario', 'Báez Morales', 'Cecilia Báez', 1, 'Asunción', '1995-12-18', '', '0', 'Soltero', NULL),
(732, 'Verónica Daniela', 'Casafuz Giménez', 'Verónica Casafuz', 1, 'Encarnación', '1995-06-06', '', '0', 'Soltera', NULL),
(733, 'Natalia Elizabeth', 'Giménez Britez', 'Natalia Giménez', 1, 'Yatytay', '1996-12-31', '', '0', 'Soltera', NULL),
(734, 'Manamy Florencia ', 'Meza Takaoka', 'Manamy Meza', 1, 'Encarnación', '1995-08-10', '', '0', 'Soltera', NULL),
(735, 'María José', 'Noguera Morínigo', 'María Noguera', 1, 'Obligado', '1995-09-23', 'O(+)', '0', 'Soltera', NULL),
(736, 'Gerardo Miguel Angel', 'Ojeda Balbuena', 'Gerardo Ojeda', 1, 'Encarnación', '1994-01-13', '', '0', 'Soltero', NULL),
(737, 'Marcela Elizabeth', 'Ocampos Duarte', 'Marcela Ocampos', 1, 'Encarnación', '1994-09-15', '', '0', 'Soltera', NULL),
(738, 'Lorena Jaznim', 'Rivas Paiva', 'Lorena Rivas', 1, 'Encarnación', '1995-11-28', 'O(+)', '0', 'Soltera', NULL),
(739, 'Cinthia Yanina', 'Sanabria Bareiro', 'Cinthia Sanabria', 1, 'Encarnación', '1995-10-01', '', '0', 'Soltera', NULL),
(740, 'María Miyuki', 'Takeda Martínez', 'María Takeda', 1, 'Pirapó', '1995-07-10', 'A(+)', '0', 'Soltera', NULL),
(741, 'Facundo Tonel', 'Ayala Flores', 'Facundo Ayala', 1, 'Encarnación', '1995-01-01', '', '0', 'Soltero', NULL),
(742, 'Rubén Alejandro', 'Bargas Galeano', 'Rubén Bargas', 1, 'Encarnación', '1996-03-13', '', '0', 'Soltero', NULL),
(743, 'Jonathan', 'Ceraso', 'Jonathan Ceraso', 2, 'General Rodríguez', '1995-03-22', '', '0', 'Soltero', NULL),
(744, 'José Wladimiro', 'Chomyn Smuz', 'José Chomyn', 1, 'Encarnación', '1995-01-29', 'O(+)', '0', 'Soltero', NULL),
(745, 'Ever Aristides', 'Fretes Alarcón', 'Ever Fretes', 1, 'San Ignacio', '1996-04-04', '', '0', 'Soltero', NULL),
(746, 'Roberto Rodrigo', 'Fleitas Benítez', 'Roberto Fleitas', 1, 'Colonia Alborada', '1995-12-10', '', '0', 'Soltero', NULL),
(747, 'Aurelio Alexander', 'Galeano Gonzalez', 'Aurelio Galeano', 2, 'Capital Federal', '1996-02-29', 'O(+)', '0', 'Soltero', NULL),
(748, 'Jhonatan', 'Franco González', 'Jhonatan Franco', 1, 'Carmen del Paraná', '1994-10-11', '', '0', 'Soltero', NULL),
(749, 'Hector ', 'López Colman', 'Hector López', 1, 'Encarnación', '1995-01-23', '', '0', 'Soltero', NULL),
(750, 'Manuel Hernan', 'Leguizamón González', 'Manuel Leguizamón', 1, 'Encarnación', '1996-05-23', '', '0', 'Soltero', NULL),
(751, 'Alan Rodney', 'Rivis Gonzalez  ', 'Alan Rivis', 1, 'Asunción', '1994-08-31', '', '0', 'Soltero', NULL),
(752, 'Benjamin Martin Yohanes', 'Schmidt Morel', 'Benjamin Schmidt', 1, 'Coronel Bogado', '1993-10-07', 'A(+)', '0', 'Soltero', NULL),
(753, 'Juan Manuel', 'Rivas Fariña', 'Juan Rivas', 1, 'Encarnación', '1995-08-11', '', '0', 'Soltero', NULL),
(754, 'Angel Alexis', 'Alcaráz Benítez', 'Angel Alcaráz', 1, 'Encarnación', '1994-04-02', 'O(+)', '0', 'Soltero', NULL),
(755, 'Wilson', 'Acosta Maciel', 'Wilson Acosta', 1, 'Fram', '1990-06-09', '', '0', 'Soltero', NULL),
(756, 'Jorge Bernabe', 'Armoa Vallejos', 'Jorge Armoa', 1, 'Encarnación', '1994-08-02', 'O(+)', '0', 'Soltero', NULL),
(757, 'Gustavo Eduardo', 'Cardozo Cáceres', 'Gustavo Cardozo', 1, 'Hohenau', '1994-10-13', '', '0', 'Soltero', NULL),
(758, 'Francisco Javier', 'Colmán Acevedo', 'Francisco Colmán', 1, 'Encarnación', '1992-05-13', 'O(+)', '0', 'Soltero', NULL),
(759, 'Edgar Alexander', 'González González', 'Edgar González', 1, 'Encarnación', '1990-12-04', '', '0', 'Soltero', NULL),
(760, 'Diego David', 'Salinas Acosta', 'Diego Salinas', 1, 'Encarnación', '1995-12-11', '', '0', 'Soltero', NULL),
(761, 'Hernan', 'Morinigo Colmán', 'Hernan Morinigo', 1, 'Fulgencio Yegros', '1986-09-22', 'A(+)', '0', 'Soltero', NULL),
(762, 'Leonardo Manuel', 'Pereira', 'Leonardo Pereira', 1, 'Encarnación', '1994-11-10', '', '0', 'Soltero', NULL),
(763, 'Ricardo Nicolás ', 'Paredes Acuña', 'Ricardo Paredes', 1, 'Fram', '1989-05-08', 'O(+)', '0', 'Soltero', NULL),
(764, 'Jorge Joel', 'Rios Landayda', 'Jorge Rios', 1, 'Encarnación', '1995-07-12', '', '0', 'Soltero', NULL),
(765, 'Rosana Romina', 'Acosta Cuenca', 'Rosana Acosta', 1, 'Villarrica', '1990-01-08', 'A(+)', '0', 'Soltera', NULL),
(766, 'Facundo Vidal', 'Araujo Chaparro', 'Facundo Araujo', 1, 'Encarnación', '1996-01-01', '', '0', 'Soltero', NULL),
(767, 'Mirtha Gabriela', 'Avalos Galeano', 'Mirtha Avalos', 1, 'Coronel Bogado', '1996-04-29', '', '0', 'Soltero', NULL),
(768, 'Carlos Gabriel', 'Bernal Velazco', 'Carlos Bernal', 1, 'Encarnación', '1995-12-28', '', '0', 'Soltero', NULL),
(769, 'Ramona Elizabeth', 'Benegas Melgarejo', 'Ramona Benegas', 1, 'Hohenau', '1995-08-31', '', '0', 'Soltera', NULL),
(770, 'Lorena Angelina', 'Centurión Vera', 'Lorena Centurión', 1, 'Carlos Antonio López', '1986-06-17', 'AB(+)', '0', 'Soltera', NULL),
(771, 'Lourdes Pamela', 'Cañellas Martinez', 'Lourdes Cañellas', 1, 'Encarnación', '1993-06-10', '', '0', 'Soltera', NULL),
(772, 'Geral Antonio', 'Cacérez Sanabria', 'Geral Cacérez', 1, 'Encarnación', '1989-02-12', '', '0', 'Soltero', NULL),
(773, 'Ramón Joel María', 'Ramírez', 'Ramón Ramírez', 1, 'Encarnación', '1995-06-03', 'O(+)', '0', 'Soltero', NULL),
(774, 'Jorge David', 'Paniagua Amarilla', 'Jorge Paniagua', 1, 'Hohenau', '1994-05-08', '', '0', 'Soltero', NULL),
(775, 'David', 'Insaurralde Gómez', 'David Insaurralde', 1, 'Hohenau', '1993-11-02', '', '0', 'Soltero', NULL),
(776, 'Cinthia Raquel', 'Cristaldo Diana', 'Cinthia Cristaldo', 1, 'San Lorenzo', '1995-06-12', '', '0', 'Soltera', NULL),
(777, 'Roberto Benjamin', 'Bedoya Aquino', 'Roberto Bedoya', 1, 'Alto Paraná', '1996-03-06', '', '0', 'Soltero', NULL),
(778, 'Analia Belén', 'Centurión Vera', 'Analia Centurión', 1, 'Encarnación', '1992-01-26', 'AB(+)', '0', 'Soltera', NULL),
(779, 'Pablo Martin', 'Casco Leguizamón', 'Pablo Casco', 1, 'Encarnación', '1994-07-06', 'A(+)', '0', 'Soltero', NULL),
(780, 'María Cecilia', 'Colmán', 'María Colmán', 1, 'Encarnación', '1996-01-09', '', '0', 'Soltera', NULL),
(781, 'Fernando Daniel', 'Campuzano Baez', 'Fernando Campuzano', 1, 'Encarnación', '1996-04-29', '', '0', 'Soltero', NULL),
(782, 'Cristhian Daniel', 'Davalos', 'Cristhian Davalos', 1, 'Coronel Bogado', '1994-10-20', 'O(+)', '0', 'Soltero', NULL),
(783, 'Analia Belén', 'Fernández Villalba', 'Analia Fernández', 1, 'Encarnación', '1994-04-19', 'A(+)', '0', 'Soltera', NULL),
(784, 'Nancy Elizabeth', 'Ojeda Martinez', 'Nancy Ojeda', 1, 'Encarnación', '1994-12-21', 'A(+)', '0', 'Casada', NULL),
(785, 'Hernán', 'Isasa Fernandez ', 'Hernán Isasa', 1, 'San Cosme y Damian', '1989-08-07', 'A(+)', '0', 'Soltero', NULL),
(786, 'Gonzalo René', 'Madrigal Fernández', 'Gonzalo Madrigal', 1, 'Encarnación', '1994-10-11', 'O(+)', '0', 'Soltero', NULL),
(787, 'Cristian Orlando', 'Gauto', 'Cristian Gauto', 2, 'Posadas', '1985-04-28', 'A(+)', '0', 'Soltero', NULL),
(788, 'Matias Daniel', 'González Gimenez', 'Matias González', 1, 'Encarnación', '1995-12-10', '', '0', 'Soltero', NULL),
(789, 'Jonathan Rodrigo', 'Garcia Avalos', 'Jonathan Garcia', 1, 'Encarnación', '1996-01-01', '', '0', 'Soltero', NULL),
(790, 'Héctor Ruben', 'Haurón Sandoval', 'Héctor Haurón', 1, 'Encarnación', '1994-11-11', '', '0', 'Soltero', NULL),
(791, 'Vivian Beatriz', 'Rodriguez', 'Vivian Rodriguez', 1, 'Encarnación', '1995-01-25', 'O(+)', '0', 'Soltera', NULL),
(792, 'Cinthia Noemi', 'Villalba Rivarola', 'Cinthia Villalba', 1, 'Encarnación', '1996-05-22', '', '0', 'Soltera', NULL),
(793, 'Liliana Mabel', 'Vera Williams', 'Liliana Vera', 1, 'Vicente A. Matiauda', '1988-09-12', '', '0', 'Soltera', NULL),
(794, 'Diego Daniel', 'Lugo Flecha', 'Diego Lugo', 4, 'Encarnación', '1996-03-29', '-A', '0', 'Soltero', NULL),
(795, 'sonia Romina', 'Prieto Hermosa', 'sonia Prieto', 1, 'Hohenau', '1993-10-16', '', '0', 'Soltera', NULL),
(796, 'Cesar Nicolas', 'Martinez Irala', 'Cesar Martinez', 4, 'Encarnación', '1992-12-27', '(0R+)', '0', 'Soltero', NULL),
(797, 'Hilario Ramon', 'Mancuello Ortiz', 'Hilario Mancuello', 4, 'San Luis del Parana', '1996-03-17', '', '0', 'Soltero', NULL),
(798, 'Fabian Daniel', 'Paiva Riveros', 'Fabian Paiva', 4, 'Encarnación', '1993-01-28', '', '0', 'Soltero', NULL),
(799, 'Hector Luis', 'Rojas Sanabria', 'Hector Rojas', 1, 'Encarnación', '1994-05-08', '', '0', 'Soltero', NULL),
(800, 'Yanina', 'Montiel Floes', 'Yanina Montiel', 1, 'Encarnación', '1995-05-13', '', '0', 'Soltera', NULL),
(801, 'Jorge Emanuel ', 'Rolon Coronel', 'Jorge Rolon', 4, 'Encarnación', '1996-03-07', '', '0', 'Soltero', NULL),
(802, 'Daniel', 'Rodas Rodriguez', 'Daniel Rodas', 4, 'San Lorenzo', '1995-03-25', '', '0', 'Soltero', NULL),
(803, 'Pablo Ivan', 'Rodriguez Ibarra', 'Pablo Rodriguez', 4, 'Encarnación', '1995-09-02', 'o+', '0', 'Soltero', NULL),
(804, 'Diego', 'Delvalle Paez', 'Diego Delvalle', 4, 'Encarnación', '1996-02-08', '', '0', 'Soltero', NULL),
(805, 'Rita Anabel', 'Acuña Quintana', 'Rita Acuña', 1, 'Encarnación', '1995-09-27', '', '0', 'Soltera', NULL),
(806, 'Diego Pastor', 'Bogado Garcia', 'Diego Bogado', 1, 'Coronel Bogado', '1991-01-26', '', '0', 'Soltero', NULL),
(807, 'Laura Edith', 'Mongelos', 'Laura Mongelos', 1, 'Hoenau', '1997-08-23', NULL, 'Femenino', 'Soltera', 0x3534333231),
(808, 'Cythia Raquel', 'Cristaldo Diana', 'Cythia Cristaldo', 1, 'San Lorenzo', '1995-06-12', '', '0', 'Soltera', NULL),
(809, 'Alejandro Tomas', 'Armoa Sanchez', 'Alejandro Armoa', 4, 'Encarnación', '1990-01-11', 'ARH+', '0', 'Soltero', NULL),
(810, 'Diego Ricardo', 'Alonzo Zarza', 'Diego Alonzo', 4, 'Encarnación', '1988-11-09', 'RR+', '0', 'Soltero', NULL),
(811, 'Cecilia Lorena', 'Benitez Casco', 'Cecilia Benitez', 1, 'Encarnación', '1994-12-27', '', '0', 'Soltera', NULL),
(812, 'Pedro Alexander ', 'Carrera Vera', 'Pedro Carrera', 4, 'Asuncion', '1994-01-07', '', '0', 'Soltero', NULL),
(813, 'Johana Soledad ', 'Cubilla Cardozo', 'Johana Cubilla', 1, 'Encarnación', '1995-03-17', '', '0', 'Soltera', NULL),
(814, 'Carlos Andres', 'Castelnovo Casas', 'Carlos Castelnovo', 4, 'Encarnación', '1994-10-15', 'A', '0', 'Soltero', NULL),
(815, 'Ramón Arnaldo', 'Cibils Acosta', 'Ramón Cibils', 4, 'Coronel Bogado', '1995-06-01', '', '0', 'Soltero', NULL),
(816, 'Yésica Gabriela', 'Espínola Villalba', 'Yésica Espínola', 1, 'Encarnación', '1993-08-05', '', '0', 'Soltera', NULL),
(817, 'Arnaldo Ariel', 'Garcia Ramos', 'Arnaldo Garcia', 4, 'Encarnación', '1993-02-04', '0(-)', '0', 'Soltero', NULL),
(818, 'Lucas Ezequiel', 'Gonzalez Vazquez', 'Lucas Gonzalez', 4, 'Hohenau', '1995-02-17', '', '0', 'Soltero', NULL),
(819, 'Héctor Daniel', 'Segovia Rudnik', 'Héctor Segovia', 4, 'Fram', '1993-12-11', '', '0', 'Soltero', NULL),
(820, 'Leandro Julian', 'Ocampos Rojas', 'Leandro Ocampos', 4, 'Encarnación', '1993-08-24', '', '0', 'Soltero', NULL),
(821, 'Maira Soledad', 'Noguera Ibañez', 'Maira Noguera', 1, 'San Ignacio Misiones', '1995-06-09', '', '0', 'Soltera', NULL),
(822, 'Mathías Nicolas', 'Núñez Amarilla', 'Mathías Núñez', 1, 'Asunción', '1994-04-05', '0RH+', '0', 'Soltero', NULL),
(823, 'Milton Adrian', 'Segovia Martinez', 'Milton Segovia', 4, 'Encarnación', '1995-01-10', '', '0', 'Soltero', NULL),
(824, 'María Romina', 'Paredes Cabrera', 'María Paredes', 4, 'Encarnación', '1993-12-17', 'RH+', '0', 'Soltera', NULL),
(825, 'Cristian Albeto', 'Osuch Zubko', 'Cristian Osuch', 4, 'Coronel Bogado', '1994-12-08', '0(+)', '0', 'Soltero', NULL),
(826, 'Liz Adriana', 'Arguello Garcia', 'Liz Arguello', 1, 'Encarnación', '1994-12-17', '', '0', 'Soltera', NULL),
(827, 'Dora Araceli', 'Benitéz Villalba', 'Dora Benitéz', 4, 'Encarnación', '1994-11-23', '', '0', 'Soltera', NULL),
(828, 'Carlos Daniel', 'Benitez Cabrera', 'Carlos Benitez', 4, 'Encarnación', '1995-06-25', '', '0', 'Soltero', NULL),
(829, 'Hermindo Javier', 'Cámara Duarte', 'Hermindo Cámara', 4, 'Encarnación', '1994-08-18', 'A+', '0', 'Soltero', NULL),
(830, 'Gessica', 'Coronel Garcia', 'Gessica Coronel', 1, 'Capitán Meza', '1994-12-06', '', '0', 'Soltera', NULL),
(831, 'Rocio Ramona', 'Cubas Espinolas', 'Rocio Cubas', 1, 'Hohenau', '1995-05-23', '', '0', 'Soltera', NULL),
(832, 'Lourdes Gabriela', 'Cardozo', 'Lourdes Cardozo', 1, 'Encarnación', '1992-12-10', '', '0', 'Soltera', NULL),
(833, 'Víctor Ramon', 'Doldan Lopez', 'Víctor Doldan', 4, 'Mayor Otaño', '1995-04-14', '', '0', 'Soltero', NULL),
(834, 'Denis Javier', 'Duette Figueredo', 'Denis Duette', 4, 'Edelira', '1993-06-11', '', '0', 'Soltero', NULL),
(835, 'Marcelo Gabriel', 'Espinola Zarza', 'Marcelo Espinola', 4, 'Encarnación', '1994-11-12', '', '0', 'Soltero', NULL),
(836, 'Juana Alicia', 'Figueredo Silvero', 'Juana Figueredo', 1, 'Encarnación', '1995-07-21', '', '0', 'Soltera', NULL),
(837, 'Claudia Romina', 'Ferreira Chavez', 'Claudia Ferreira', 4, 'General Artigas', '1993-09-15', '', '0', 'Soltera', NULL),
(838, 'Edgar Alfredo', 'Flores Arce', 'Edgar Flores', 4, 'Coronel Bogado', '1994-06-03', '', '0', 'Soltero', NULL),
(839, 'Adria María Inés', 'Gamón Aquino', 'Adria Gamón', 1, 'Encarnación', '1993-06-01', '', '0', 'Soltera', NULL),
(840, 'Joel de Jesús ', 'Insaurralde Pesole', 'Joel Insaurralde', 1, 'San Ignacio Misiones', '1994-05-10', '0+', '0', 'Soltero', NULL),
(841, 'Rocio Lujan ', 'Ibarra Espínola', 'Rocio Ibarra', 1, 'Carlos Antonio López', '1995-08-18', '', '0', 'Soltera', NULL),
(842, 'Mercedes Belén', 'López Gómez', 'Mercedes López', 1, 'General Delgado', '1994-09-25', '', '0', 'Soltera', NULL),
(843, 'Yanina Ana María ', 'Luchin Swidnicki', 'Yanina Luchin', 1, 'Coronel Bogado', '1994-10-05', '', '0', 'Soltera', NULL),
(844, 'Matias Daniel', 'Mosqueda Falcon', 'Matias Mosqueda', 4, 'San Juan Bautista Misiones', '1995-01-27', '', '0', 'Soltero', NULL),
(845, 'Delsy Cristina ', 'Marecos Rojas', 'Delsy Marecos', 1, 'Pilar', '1994-07-21', '', '0', 'Soltera', NULL),
(846, 'Martha Paola', 'Molinas Alvarez', 'Martha Molinas', 1, 'San Pedro del Paraná', '1995-02-03', '', '0', 'Soltera', NULL),
(847, 'Alex Mitsuo', 'Matsumiya Ohe', 'Alex Matsumiya', 4, 'Encarnación', '1995-01-26', '0+', '0', 'Soltero', NULL),
(848, 'Claudia', 'Paiva Duarte', 'Claudia Paiva', 1, 'Encarnación', '1995-02-20', 'A+', '0', 'Soltera', NULL),
(849, 'Sergio Adan', 'Peralta Duarte', 'Sergio Peralta', 4, 'Colonia Ape Aime', '1994-03-21', '', '0', 'Soltero', NULL),
(850, 'Marcos ', 'Roa Vega', 'Marcos Roa', 4, 'Encarnación', '1994-07-01', '', '0', 'Soltero', NULL),
(851, 'Cindy Denise', 'Romero Talavera', 'Cindy Romero', 1, 'Santiago Misiones', '1995-05-02', '', '0', 'Soltera', NULL),
(852, 'Claudia María', 'Rotela Rodriguez', 'Claudia Rotela', 1, 'ayolas', '1994-08-06', '', '0', 'Soltera', NULL),
(853, 'Alvaro', 'Surubbi Armoa', 'Alvaro Surubbi', 4, 'Edelira', '1994-07-04', '', '0', 'Soltero', NULL),
(854, 'Andrea Florencia', 'Silva Acuña', 'Andrea Silva', 1, 'Encarnación', '1995-02-10', '', '0', 'Soltera', NULL),
(855, 'Daniela Romina ', 'Alviso', 'Daniela Alviso', 2, 'Buenos Aires', '1986-06-01', '', '0', 'Soltera', NULL),
(856, 'Claudia Noemi', 'Acuña  León', 'Claudia Acuña', 1, 'San Pedro del Paraná', '1989-12-21', '', '0', 'Soltera', NULL),
(857, 'Sani  Raquel', 'Agüero Gauto', 'Sani Agüero', 1, 'Encarnación', '1994-02-05', '', '0', 'Soltera', NULL),
(858, 'Griselda Asunción ', 'Benega Ozuna', 'Griselda Benega', 1, 'Encarnación', '1994-08-15', '', '0', 'Soltera', NULL),
(859, 'Pabla Verónica', 'Castelnovo Sosa', 'Pabla Castelnovo', 1, 'Encarnación', '1991-02-15', 'A+', '0', 'Soltera', NULL),
(860, 'Johana Elizabeth', 'Cubilla Melgarejo', 'Johana Cubilla', 1, 'Carmen del Paraná', '1995-03-03', '', '0', 'Soltera', NULL),
(861, 'Liz Marlene', 'Gómez Galeano', 'Liz Gómez', 1, 'Dr. Cecilio Báez', '1993-07-12', '', '0', 'Soltera', NULL),
(862, 'Ramona del Rosario', 'Morales Rivé', 'Ramona Morales', 1, 'Coronel Bogado', '1994-09-10', '0RH+', '0', 'Soltera', NULL),
(863, 'Esther Noemi', 'Nuñez', 'Esther Nuñez', 1, 'Encarnación', '1995-01-20', '', '0', 'Soltera', NULL),
(864, 'Rocio Camila', 'Sigaud Garcia', 'Rocio Sigaud', 1, 'Encarnación', '1993-09-16', '', '0', 'Soltera', NULL),
(865, 'Patricia Anahí', 'Siburu Solis', 'Patricia Siburu', 2, 'Rosario', '1994-07-23', '0+', '0', 'Soltera', NULL),
(866, 'Gabriela Magali', 'Yeza Benitez', 'Gabriela Yeza', 1, 'Encarnación', '1994-05-20', '0RH+', '0', 'Soltera', NULL),
(867, 'Rodrigo', 'Arambulo Hermosilla', 'Rodrigo Arambulo', 1, 'Encarnación', '1994-01-24', '', '0', 'Soltero', NULL),
(868, 'Jorge Justino', 'Ayala Cardozo', 'Jorge Ayala', 1, 'Fram', '1988-08-01', '0+', '0', 'Soltero', NULL),
(869, 'Evan Blas ', 'Cardozo', 'Evan Cardozo', 1, 'Encarnación', '1977-02-09', 'ARH+', '0', 'Soltero', NULL),
(870, 'Eduardo Daniel', 'Duarte Cardena', 'Eduardo Duarte', 1, 'Yatytay', '1993-03-03', '0RH+', '0', 'Soltero', NULL),
(871, 'Barbara Elizabeth', 'Espinoza Gauto', 'Barbara Espinoza', 1, 'Coronel Bogado', '1995-04-04', '', '0', 'Soltera', NULL),
(872, 'Mauro Alejandro', 'Gonzales', 'Mauro Gonzales', 4, 'Encarnación', '1994-02-26', '', '0', 'Soltero', NULL),
(873, 'Juan Andres', 'Goméz Samudio', 'Juan Goméz', 4, 'Coronel Oviedo', '1992-12-15', '', '0', 'Soltero', NULL),
(874, 'Leonardo Andrés', 'Loaiza Fensterseifer', 'Leonardo Loaiza', 1, 'Hohenau', '1994-05-26', 'ARH+', '0', 'Soltero', NULL),
(875, 'Armando Ismael', 'Maciel Flores', 'Armando Maciel', 4, 'Coronel Bogado', '1993-12-28', '', '0', 'Soltero', NULL),
(876, 'Augusto Dario', 'Ocampos Amarilla', 'Augusto Ocampos', 4, 'Encarnación', '1994-05-05', '', '0', 'Soltero', NULL),
(877, 'Lucas Damian ', 'Pereira Algarin', 'Lucas Pereira', 1, 'Hohenau', '1995-01-30', 'A+', '0', 'Soltero', NULL),
(878, 'Agustín Jose', 'Samudio Adorno', 'Agustín Samudio', 1, 'Encarnación', '1994-07-20', '', '0', 'Soltero', NULL),
(879, 'Javier Eduardo ', 'Vera duarte', 'Javier Vera', 1, 'Encarnación', '1980-04-18', '0RH+', '0', 'Casado', NULL),
(880, 'Ricardo', 'Vera Gonzalez', 'Ricardo Vera', 1, 'Puerto Triunfo', '1994-06-15', '', '0', 'Soltero', NULL),
(881, 'Sergio Daniel', 'Cabrera Vera', 'Sergio Cabrera', 1, 'San Pedro del Paraná', '1989-02-06', '', '0', 'Soltero', NULL),
(882, 'Cesar Eduardo', 'Almada Martinez ', 'Cesar Almada', 1, 'Encarnación', '1991-07-26', '', '0', 'Soltero', NULL),
(883, 'Cristhian Ariel ', 'Espinosa Sosa ', 'Cristhian Espinosa', 1, 'Yatytay', '1987-11-29', 'RH+', '0', 'Soltero', NULL),
(884, 'Diego Armando', 'Loebel López', 'Diego Loebel', 1, 'Hohenau', '1995-05-29', '', '0', 'Soltero', NULL),
(885, 'Alexander David', 'Monzón Melgarejo', 'Alexander Monzón', 1, 'Encarnación', '1986-11-05', 'A+', '0', 'Soltero', NULL),
(886, 'Angelo David', 'Nuñez', 'Angelo Nuñez', 1, 'Encarnación', '1994-11-04', 'A+', '0', 'Soltero', NULL),
(887, 'Bruno David', 'Ruiz Diaz Valenzuela', 'Bruno Ruiz', 1, 'Fulgencio Yegros', '1990-05-17', '', '0', 'Soltero', NULL),
(888, 'Fredy Federico', 'Rodas Acostas', 'Fredy Rodas', 1, 'Tomas Romero Pereira', '1992-07-18', '', '0', 'Soltero', NULL),
(889, 'Aldo Benjamin', 'Duarte Grahl', 'Aldo Duarte', 4, 'Encarnación', '1989-03-29', '', '0', 'Soltero', NULL),
(890, 'Daihana ', 'Arrúa Lezcano', 'Daihana Arrúa', 1, 'José Leandro Oviedo', '1994-03-27', '', '0', 'Soltera', NULL),
(891, 'Edgar Guzman ', 'Cardozo Morinigo', 'Edgar Cardozo', 4, 'Itagua', '1992-10-17', '', '0', 'Soltero', NULL),
(892, 'Justo Ariel', 'Ojeda Saito', 'Justo Ojeda', 4, 'Fulgencio Yegros', '1989-04-04', '', '0', 'Soltero', NULL),
(893, 'Carlos Avelino', 'Arapayó Villalba', 'Carlos Arapayó', 2, 'Posadas', '1986-05-31', '', '0', 'Soltero', NULL),
(894, 'Sergio Maidanis', 'Sanabria Bogado', 'Sergio Sanabria', 1, 'General Delgado', '1987-06-02', '', '0', 'Soltero', NULL),
(895, 'Sergio Daniel', 'Cuadra Portillo', 'Sergio Cuadra', 4, 'Encarnación', '1990-11-08', '', '0', 'Soltero', NULL),
(896, 'Pedro David', 'Gómez Aranda', 'Pedro Gómez', 4, 'Hohenau', '1992-09-05', '', '0', 'Soltero', NULL),
(897, 'Arnaldo Javier', 'González González', 'Arnaldo González', 1, 'Domingo Robledo', '1985-11-19', '', '0', 'Soltero', NULL),
(898, 'Federico Gustavo ', 'Martinez Ayala', 'Federico Martinez', 1, 'Encarnación', '1967-11-20', '', '0', 'Casado', NULL),
(899, 'Juan Manuel', 'Sanabria Ruiz Diaz', 'Juan Sanabria', 2, 'Argentina', '1992-01-04', '', '0', 'Soltero', NULL),
(900, 'Claudio Enrique', 'Ramirez Rodriguez', 'Claudio Ramirez', 1, 'Encarnación', '1992-01-01', '', '0', 'Soltero', NULL),
(901, 'Gustavo Ariel', 'Rodriguez Figueredo', 'Gustavo Rodriguez', 1, 'Encarnación', '1991-01-15', '', '0', 'Soltero', NULL),
(902, 'Wallace Donald', 'Wood', 'Wallace Wood', 1, 'Encarnación', '1990-11-04', '', '0', 'Soltero', NULL),
(903, 'Sonia Griselda', 'Arguello Díaz', 'Sonia Arguello', 1, 'Obligado', '1987-07-21', '', '0', 'Soltera', NULL),
(904, 'Aldo Adan ', 'Acuña Bareiro', 'Aldo Acuña', 1, 'Capitán Meza', '1991-11-09', '', '0', 'Soltero', NULL),
(905, 'Ronald Alexis', 'Morel Cañete', 'Ronald Morel', 1, 'Encarnación', '1988-07-31', '', '0', 'Soltero', NULL),
(906, 'Claudio Adrian', 'Ríos Rojas', 'Claudio Ríos', 1, 'Encarnación', '1992-06-14', '', '0', 'Soltero', NULL),
(907, 'Denis Fernando ', 'Rive Ferreira', 'Denis Rive', 1, 'Capitán Meza', '1993-03-10', '', '0', 'Soltero', NULL),
(908, 'Marcelo Alejandro', 'Acuña Romero', 'Marcelo Acuña', 1, 'Encarnación', '1992-08-11', '', '0', 'Soltero', NULL),
(909, 'German Ariel', 'Benitez Benegas', 'German Benitez', 1, 'Encarnación', '1984-10-16', '', '0', 'Soltero', NULL),
(910, 'Ellber Raúl ', 'Bogado Bogado', 'Ellber Bogado', 1, 'Encarnación', '1992-03-04', '', '0', 'Soltero', NULL),
(911, 'Osmar Ariel', 'Cáceres Benitez', 'Osmar Cáceres', 4, 'Encarnación', '1991-03-05', '', '0', 'Soltero', NULL),
(912, 'Priscia Andrea', 'Chavez Duette', 'Priscia Chavez', 1, 'Encarnación', '1995-03-12', '', '0', 'Soltera', NULL),
(913, 'Hugo Marcelo', 'Díaz Brizuela', 'Hugo Díaz', 1, 'Hohenau', '1991-11-14', '', '0', 'Soltero', NULL),
(914, 'Ramón Luis', 'Fernandez Gamón', 'Ramón Fernandez', 1, 'Encarnación', '1992-06-16', '', '0', 'Soltero', NULL),
(915, 'Juan Antonio', 'Goncalvez Villagra', 'Juan Goncalvez', 1, 'Coronel Bogado', '1993-06-25', '', '0', 'Soltero', NULL),
(916, 'Cesar Daniel', 'Goncalvez Soky', 'Cesar Goncalvez', 1, 'Coronel Bogado', '1992-11-14', '', '0', 'Soltero', NULL),
(917, 'Nelson', 'Galeano Fernandez', 'Nelson Galeano', 1, 'Juan León Mallorquin', '1990-04-26', '', '0', 'Soltero', NULL),
(918, 'Luciano Javier', 'Leiva Gonzalez', 'Luciano Leiva', 1, 'Natalio', '1973-03-27', '', '0', 'Soltero', NULL),
(919, 'María Cristina', 'Lezcano Hermosilla', 'María Lezcano', 1, 'General Delgado', '1990-01-16', '', '0', 'Casada', NULL),
(920, 'Ramón', 'Martinez Lujan', 'Ramón Martinez', 1, 'Encarnación', '1987-08-26', '', '0', 'Soltero', NULL),
(921, 'Norman Javier ', 'Martinez Stark', 'Norman Martinez', 1, 'Encarnación', '1993-02-05', '', '0', 'Soltero', NULL),
(922, 'Irma IGnacia', 'Matto Maciel', 'Irma Matto', 1, 'General Delgado', '1992-07-31', '', '0', 'Soltera', NULL),
(923, 'José Ariel', 'Nuñez Dasilveira Cubilla', 'José Nuñez', 1, 'San Pedro del Paraná', '1984-03-01', '', '0', 'Soltero', NULL),
(924, 'Valeria Andrea', 'Rojas Olmedo', 'Valeria Rojas', 1, 'Encarnación', '1991-09-03', '', '0', 'Soltera', NULL),
(925, 'Christian David', 'Rodriguez Benitez', 'Christian Rodriguez', 1, 'Ciudad del Este', '1991-06-07', '', '0', 'Soltero', NULL),
(926, 'Guido Gabriel ', 'Miño Miralles', 'Guido Miño', 4, 'Encarnación', '1993-02-15', '', '0', 'Soltero', NULL),
(927, 'Claudia Elizabeth', 'Ríos López', 'Claudia Ríos', 1, 'Encarnación', '1993-07-18', '', '0', 'Soltera', NULL),
(928, 'Beatriz María ', 'Barboza Ferreira', 'Beatriz Barboza', 1, 'Coronel Bogado', '1991-12-23', '', '0', 'Soltera', NULL),
(929, 'Adelaida', 'Ayala de Benitez', 'Adelaida Ayala', 1, 'Nueva Alborada', '1980-12-19', '', '0', 'Casada', NULL),
(930, 'Larissa Pretonila ', 'Ayala Villanueva', 'Larissa Ayala', 1, 'San Cosme y Damian', '1991-03-04', '', '0', 'Soltera', NULL),
(931, 'Andrea', 'Astigarraga Benitez', 'Andrea Astigarraga', 1, 'Encarnación', '1991-03-14', '', '0', 'Soltera', NULL),
(932, 'Jimena Soledad', 'Alviso Benitez', 'Jimena Alviso', 1, 'Encarnación', '1991-05-22', '', '0', 'Soltera', NULL),
(933, 'Gustavo Daniel', 'Araujo Montiel', 'Gustavo Araujo', 1, 'Encarnación', '1992-03-10', '', '0', 'Soltero', NULL),
(934, 'Mario Augusto ', 'Avalos Aquino', 'Mario Avalos', 1, 'General Delgado', '1992-07-21', '', '0', 'Soltero', NULL),
(935, 'Carmen Lucila', 'Bergottini', 'Carmen Bergottini', 1, 'Buenos Aires', '1980-10-30', '', '0', 'Soltera', NULL);
INSERT INTO `personas` (`id_persona`, `nombre`, `apellido`, `alias`, `id_nacionalidad`, `lugar_nacimiento`, `fecha_nacimiento`, `grupo_sanguineo`, `genero`, `estado_civil`, `clave`) VALUES
(936, 'Marcelo Daniel', 'Cabral Goebel', 'Marcelo Cabral', 1, 'Encarnación', '1991-06-02', '', '0', 'Soltero', NULL),
(937, 'Pablo Marcelo', 'Caceres Cabrera', 'Pablo Caceres', 2, 'Argentina', '1989-06-11', '', '0', 'Soltero', NULL),
(938, 'Cristian David', 'Caceres Montero', 'Cristian Caceres', 1, 'Natalio', '1991-02-02', '', '0', 'Soltero', NULL),
(939, 'Sara Esther ', 'Castillo Villalba', 'Sara Castillo', 1, 'Encarnación', '1991-09-17', '', '0', 'Soltera', NULL),
(940, 'Rogelio  Manuel', 'Chavez', 'Rogelio Chavez', 2, 'Misiones', '1990-08-20', '', '0', 'Soltero', NULL),
(941, 'Osmar Antonio', 'Diaz Paredes', 'Osmar Diaz', 1, 'Encarnación', '1992-06-22', '', '0', 'Soltero', NULL),
(942, 'Hugo Edem', 'Espinoza Caballero', 'Hugo Espinoza', 1, 'Pilar', '1977-07-01', '', '0', 'Casado', NULL),
(943, 'Miguel', 'Estreche Almada', 'Miguel Estreche', 1, 'Edelira', '1991-09-29', '', '0', 'Soltero', NULL),
(944, 'Efren Denis', 'Ferreira Otazu', 'Efren Ferreira', 1, 'Encarnación', '1990-04-30', '', '0', 'Soltero', NULL),
(945, 'Miguel Angel', 'Fretes ', 'Miguel Fretes', 1, 'Buenos Aires', '1992-05-29', '', '0', 'Soltero', NULL),
(946, 'Liz Carolina ', 'Finez Spadini', 'Liz Finez', 1, 'Encarnación', '1983-07-27', '', '0', 'Soltera', NULL),
(947, 'Hermes Noelia ', 'Forcado Almiron', 'Hermes Forcado', 1, 'La Paz', '1989-06-08', '', '0', 'Soltera', NULL),
(948, 'Jose Maria', 'Gini Ayala', 'Jose Gini', 1, 'Encarnación', '1990-12-27', '', '0', 'Soltero', NULL),
(949, 'Maria Hilda ', 'Guerreño Palacios', 'Maria Guerreño', 1, 'Encarnación', '1992-04-13', '', '0', 'Soltera', NULL),
(950, 'Matias Daniel', 'Mareco Esquiel', 'Matias Mareco', 1, 'La Paz', '1991-07-23', '', '0', 'Soltero', NULL),
(951, 'Horacio Abel', 'Posdeley Santesteban', 'Horacio Posdeley', 1, 'Obligado', '1983-07-03', '', '0', 'Soltero', NULL),
(952, 'Lucio Esteban', 'Mendoza Gonzalez', 'Lucio Mendoza', 1, 'Encarnación', '1989-10-05', '', '0', 'Soltero', NULL),
(953, 'Hugo Natanael', 'Ortiz Amarilla', 'Hugo Ortiz', 1, 'Encarnación', '1990-09-05', '', '0', 'Soltero', NULL),
(954, 'Humberto Natan', 'Ortiz Amarilla', 'Humberto Ortiz', 1, 'Encarnación', '1992-02-27', '', '0', 'Soltero', NULL),
(955, 'Rodrigo Ismael', 'Pelozo Figueredo', 'Rodrigo Pelozo', 1, 'Coronel Bogado', '1991-05-15', '', '0', 'Soltero', NULL),
(956, 'Fernando Ariel', 'Pérez Valenzuela', 'Fernando Pérez', 1, 'Encarnación', '1990-05-08', '', '0', 'Soltero', NULL),
(957, 'Victor Hugo', 'Pérez Valenzuela', 'Victor Pérez', 1, 'Encarnación', '1986-03-10', '', '0', 'Soltero', NULL),
(958, 'José Luis ', 'Roche Medina', 'José Roche', 1, 'Ybycu´i', '2010-07-16', '', '0', 'Soltero', NULL),
(959, 'Alcira', 'Rojas Matto', 'Alcira Rojas', 1, 'General Delgado', '1988-09-20', '', '0', 'Soltera', NULL),
(960, 'Dario', 'Villalba Ojeda', 'Dario Villalba', 1, 'Edelira', '1989-07-28', '', '0', 'Soltero', NULL),
(961, 'Ruben Antonio', 'Velazquez Ortigoza', 'Ruben Velazquez', 1, 'General Delgado', '1988-09-09', '', '0', 'Soltero', NULL),
(962, 'Ever Gilberto', 'Barúa', 'Ever Barúa', 1, 'Yatytay', '1991-04-29', '', '0', 'Soltero', NULL),
(963, 'Walter Raúl ', 'González Paz', 'Walter González', 1, 'Encarnación', '1984-02-13', '', '0', 'Soltero', NULL),
(964, 'Diego Roberto', 'Lopez Obregon ', 'Diego Lopez', 1, 'Hohenau', '1991-09-16', '', '0', 'Soltero', NULL),
(965, 'Lilio Ariel', 'Martinez Esquivel', 'Lilio Martinez', 1, 'General Artigas', '1991-11-10', '', '0', 'Soltero', NULL),
(966, 'Gabriela Daihana', 'Cardozo Maciel', 'Gabriela Cardozo', 1, 'Asunción', '1996-08-26', NULL, 'femenino', 'soltera', 0x3132333435360a);

-- --------------------------------------------------------

--
-- Estructura de tabla para la tabla `procedencia_educacional`
--

CREATE TABLE IF NOT EXISTS `procedencia_educacional` (
  `id_persona` int(11) NOT NULL,
  `id_pais` int(11) NOT NULL,
  `id_departamento` int(11) NOT NULL,
  `id_ciudad` int(11) NOT NULL,
  `id_colegio` int(11) NOT NULL,
  `id_bachillerato` int(11) NOT NULL,
  `anho_egreso` varchar(4) DEFAULT NULL
) ENGINE=InnoDB DEFAULT CHARSET=latin1;

-- --------------------------------------------------------

--
-- Estructura de tabla para la tabla `profesiones`
--

CREATE TABLE IF NOT EXISTS `profesiones` (
  `id_persona` int(11) NOT NULL,
  `id_profesion` int(11) NOT NULL,
  `profesion` varchar(100) DEFAULT NULL
) ENGINE=InnoDB DEFAULT CHARSET=latin1;

-- --------------------------------------------------------

--
-- Estructura de tabla para la tabla `relaciones_colegio_persona`
--

CREATE TABLE IF NOT EXISTS `relaciones_colegio_persona` (
  `id_persona` int(11) NOT NULL,
  `id_pais` int(11) NOT NULL,
  `id_departamento` int(11) NOT NULL,
  `id_ciudad` int(11) NOT NULL,
  `id_colegio` int(11) NOT NULL,
  `id_bachillerato` int(11) NOT NULL,
  `anho_egreso` varchar(4) DEFAULT NULL
) ENGINE=InnoDB DEFAULT CHARSET=latin1;

-- --------------------------------------------------------

--
-- Estructura de tabla para la tabla `relaciones_periodo_actividad`
--

CREATE TABLE IF NOT EXISTS `relaciones_periodo_actividad` (
  `id_facultad` int(11) NOT NULL,
  `id_sede` int(11) NOT NULL,
  `id_carrera` int(11) NOT NULL,
  `id_periodo` int(11) NOT NULL,
  `id_actividad` int(11) NOT NULL,
  `fecha_inicio` date DEFAULT NULL,
  `fecha_fin` date DEFAULT NULL
) ENGINE=InnoDB DEFAULT CHARSET=latin1;

-- --------------------------------------------------------

--
-- Estructura de tabla para la tabla `relaciones_rol_menu`
--

CREATE TABLE IF NOT EXISTS `relaciones_rol_menu` (
  `id_rol` int(11) NOT NULL,
  `id_menu` int(11) NOT NULL,
  `id_menu_detalle` int(11) NOT NULL,
  `permiso_crear` tinyint(1) DEFAULT NULL,
  `permiso_modificar` tinyint(1) DEFAULT NULL,
  `permiso_borrar` tinyint(1) DEFAULT NULL,
  `permiso_listar` tinyint(1) DEFAULT NULL
) ENGINE=InnoDB DEFAULT CHARSET=latin1;

-- --------------------------------------------------------

--
-- Estructura de tabla para la tabla `relacion_colegio_bachillerato`
--

CREATE TABLE IF NOT EXISTS `relacion_colegio_bachillerato` (
  `id_pais` int(11) NOT NULL,
  `id_departamento` int(11) NOT NULL,
  `id_ciudad` int(11) NOT NULL,
  `id_colegio` int(11) NOT NULL,
  `id_bachillerato` int(11) NOT NULL,
  `estado` varchar(15) DEFAULT NULL
) ENGINE=InnoDB DEFAULT CHARSET=latin1;

-- --------------------------------------------------------

--
-- Estructura de tabla para la tabla `relacion_persona_persona`
--

CREATE TABLE IF NOT EXISTS `relacion_persona_persona` (
  `id_persona1` int(11) NOT NULL,
  `id_persona2` int(11) NOT NULL,
  `id_tipo_relacion_persona` int(11) DEFAULT NULL
) ENGINE=InnoDB DEFAULT CHARSET=latin1;

-- --------------------------------------------------------

--
-- Estructura de tabla para la tabla `relacion_sede_carrera`
--

CREATE TABLE IF NOT EXISTS `relacion_sede_carrera` (
  `id_facultad` int(11) NOT NULL,
  `id_sede` int(11) NOT NULL,
  `id_carrera` int(11) NOT NULL,
  `fecha_creacion` date DEFAULT NULL,
  `estado` tinyint(1) DEFAULT NULL,
  `creacion` date DEFAULT NULL
) ENGINE=InnoDB DEFAULT CHARSET=latin1;

--
-- Volcado de datos para la tabla `relacion_sede_carrera`
--

INSERT INTO `relacion_sede_carrera` (`id_facultad`, `id_sede`, `id_carrera`, `fecha_creacion`, `estado`, `creacion`) VALUES
(1, 1, 4, NULL, 1, '0000-00-00'),
(2, 1, 1, NULL, 1, '0000-00-00'),
(2, 2, 1, NULL, 1, '0000-00-00');

-- --------------------------------------------------------

--
-- Estructura de tabla para la tabla `roles`
--

CREATE TABLE IF NOT EXISTS `roles` (
  `id_rol` int(11) NOT NULL,
  `rol` varchar(60) DEFAULT NULL,
  `orden` int(11) DEFAULT NULL,
  `estado` tinyint(1) DEFAULT NULL
) ENGINE=InnoDB AUTO_INCREMENT=4 DEFAULT CHARSET=latin1;

--
-- Volcado de datos para la tabla `roles`
--

INSERT INTO `roles` (`id_rol`, `rol`, `orden`, `estado`) VALUES
(1, 'Desarrollo', NULL, 1),
(2, 'Auxiliar académico', NULL, 1),
(3, 'Dirección academica', NULL, 1);

-- --------------------------------------------------------

--
-- Estructura de tabla para la tabla `sedes`
--

CREATE TABLE IF NOT EXISTS `sedes` (
  `id_sede` int(11) NOT NULL,
  `sede` varchar(45) DEFAULT NULL,
  `estado` tinyint(1) DEFAULT NULL
) ENGINE=InnoDB DEFAULT CHARSET=latin1;

--
-- Volcado de datos para la tabla `sedes`
--

INSERT INTO `sedes` (`id_sede`, `sede`, `estado`) VALUES
(1, 'Encarnación', 1),
(2, 'Sede de muestra', 1);

-- --------------------------------------------------------

--
-- Estructura de tabla para la tabla `telefonos`
--

CREATE TABLE IF NOT EXISTS `telefonos` (
  `id_persona` int(11) NOT NULL,
  `id_telefono` int(11) NOT NULL,
  `telefono` varchar(15) DEFAULT NULL,
  `predeterminado` tinyint(1) DEFAULT NULL
) ENGINE=InnoDB DEFAULT CHARSET=latin1;

-- --------------------------------------------------------

--
-- Estructura de tabla para la tabla `tipos_docente`
--

CREATE TABLE IF NOT EXISTS `tipos_docente` (
  `id_facultad` int(11) NOT NULL,
  `id_tipo_docente` int(11) NOT NULL,
  `tipo_docente` varchar(45) DEFAULT NULL,
  `estado` tinyint(1) DEFAULT NULL
) ENGINE=InnoDB DEFAULT CHARSET=latin1;

-- --------------------------------------------------------

--
-- Estructura de tabla para la tabla `tipos_documento`
--

CREATE TABLE IF NOT EXISTS `tipos_documento` (
  `id_tipo_documento` int(11) NOT NULL,
  `tipo_documento` varchar(45) DEFAULT NULL
) ENGINE=InnoDB DEFAULT CHARSET=latin1;

--
-- Volcado de datos para la tabla `tipos_documento`
--

INSERT INTO `tipos_documento` (`id_tipo_documento`, `tipo_documento`) VALUES
(1, 'Cédula de identidad'),
(2, 'DNI');

-- --------------------------------------------------------

--
-- Estructura de tabla para la tabla `tipos_inscripcion`
--

CREATE TABLE IF NOT EXISTS `tipos_inscripcion` (
  `id_facultad` int(11) NOT NULL,
  `id_tipo_inscripcion` int(11) NOT NULL,
  `tipo_inscripcion` varchar(100) DEFAULT NULL COMMENT 'cpi\nsemestres impares\nsemestres pares\nexamen mesa 1\n……\nexamen mesa 6',
  `estado` tinyint(1) DEFAULT NULL
) ENGINE=InnoDB DEFAULT CHARSET=latin1;

-- --------------------------------------------------------

--
-- Estructura de tabla para la tabla `tipos_relacion_persona`
--

CREATE TABLE IF NOT EXISTS `tipos_relacion_persona` (
  `id_tipo_relacion_persona` int(11) NOT NULL,
  `tipo_relacion_persona` varchar(45) DEFAULT NULL
) ENGINE=InnoDB DEFAULT CHARSET=latin1;

-- --------------------------------------------------------

--
-- Estructura de tabla para la tabla `trabajos`
--

CREATE TABLE IF NOT EXISTS `trabajos` (
  `id_persona` int(11) NOT NULL,
  `id_trabajo` int(11) NOT NULL,
  `empresa` varchar(45) DEFAULT NULL,
  `cargo` varchar(45) DEFAULT NULL,
  `telefono` varchar(15) DEFAULT NULL,
  `predeterminado` tinyint(1) DEFAULT NULL
) ENGINE=InnoDB DEFAULT CHARSET=latin1;

-- --------------------------------------------------------

--
-- Estructura de tabla para la tabla `universidades`
--

CREATE TABLE IF NOT EXISTS `universidades` (
  `id_universidad` int(11) NOT NULL,
  `universidad` varchar(200) DEFAULT NULL
) ENGINE=InnoDB DEFAULT CHARSET=latin1;

-- --------------------------------------------------------

--
-- Estructura de tabla para la tabla `usuarios`
--

CREATE TABLE IF NOT EXISTS `usuarios` (
  `id_facultad` int(11) NOT NULL,
  `id_sede` int(11) NOT NULL,
  `id_persona` int(11) NOT NULL,
  `id_rol` int(11) NOT NULL,
  `predeterminado` tinyint(1) DEFAULT NULL,
  `estado` varchar(100) DEFAULT NULL
) ENGINE=InnoDB DEFAULT CHARSET=latin1;

--
-- Volcado de datos para la tabla `usuarios`
--

INSERT INTO `usuarios` (`id_facultad`, `id_sede`, `id_persona`, `id_rol`, `predeterminado`, `estado`) VALUES
(1, 1, 1, 1, 1, '1'),
(1, 1, 1, 2, 0, '1'),
(1, 1, 1, 3, 0, '1'),
(1, 1, 109, 2, 1, '1'),
(1, 1, 571, 2, 1, '0'),
(1, 1, 692, 3, 1, '1'),
(1, 1, 807, 2, 1, '0'),
(1, 1, 966, 2, 1, '1'),
(1, 2, 574, 2, 1, '1');

--
-- Índices para tablas volcadas
--

--
-- Indices de la tabla `actividades`
--
ALTER TABLE `actividades`
  ADD PRIMARY KEY (`id_actividad`);

--
-- Indices de la tabla `asignaturas`
--
ALTER TABLE `asignaturas`
  ADD PRIMARY KEY (`id_facultad`,`id_carrera`,`id_curso`,`id_asignatura`),
  ADD KEY `fk_asignaturas_1_idx` (`id_facultad`,`id_carrera`,`id_curso`);

--
-- Indices de la tabla `bachilleratos`
--
ALTER TABLE `bachilleratos`
  ADD PRIMARY KEY (`id_bachillerato`);

--
-- Indices de la tabla `carreras`
--
ALTER TABLE `carreras`
  ADD PRIMARY KEY (`id_facultad`,`id_carrera`),
  ADD KEY `fk_carreras_facultades1` (`id_facultad`);

--
-- Indices de la tabla `ciudades`
--
ALTER TABLE `ciudades`
  ADD PRIMARY KEY (`id_pais`,`id_departamento`,`id_ciudad`),
  ADD KEY `fk_ciudades_departamentos1_idx` (`id_pais`,`id_departamento`);

--
-- Indices de la tabla `colegios`
--
ALTER TABLE `colegios`
  ADD PRIMARY KEY (`id_pais`,`id_departamento`,`id_ciudad`,`id_colegio`);

--
-- Indices de la tabla `configuraciones`
--
ALTER TABLE `configuraciones`
  ADD PRIMARY KEY (`id_facultad`);

--
-- Indices de la tabla `convalidaciones`
--
ALTER TABLE `convalidaciones`
  ADD PRIMARY KEY (`id_facultad`,`id_carrera`,`id_curso`,`id_asignatura`,`id_curso2`,`id_asignatura2`),
  ADD KEY `fk_correlatividades_asignaturas2_idx` (`id_facultad`,`id_carrera`,`id_curso`,`id_asignatura`);

--
-- Indices de la tabla `correlatividades`
--
ALTER TABLE `correlatividades`
  ADD PRIMARY KEY (`id_facultad`,`id_carrera`,`id_curso1`,`id_asignatura1`,`id_curso2`,`id_asignatura2`);

--
-- Indices de la tabla `correos`
--
ALTER TABLE `correos`
  ADD PRIMARY KEY (`id_persona`,`id_correo`),
  ADD KEY `fk_correos_2` (`id_persona`);

--
-- Indices de la tabla `cursos`
--
ALTER TABLE `cursos`
  ADD PRIMARY KEY (`id_facultad`,`id_carrera`,`id_curso`),
  ADD KEY `fk_semestres_1_idx` (`id_facultad`,`id_carrera`);

--
-- Indices de la tabla `departamentos`
--
ALTER TABLE `departamentos`
  ADD PRIMARY KEY (`id_pais`,`id_departamento`),
  ADD KEY `fk_departamentos_paises1_idx` (`id_pais`);

--
-- Indices de la tabla `detalles_evaluacion`
--
ALTER TABLE `detalles_evaluacion`
  ADD PRIMARY KEY (`periodo`,`facultad`,`sede`,`carrera`,`curso`,`asignatura`,`oportunidad`,`persona`),
  ADD KEY `fk_detalles_evaluacion_personas1_idx` (`persona`);

--
-- Indices de la tabla `detalles_inscripcion`
--
ALTER TABLE `detalles_inscripcion`
  ADD PRIMARY KEY (`id_periodo`,`id_facultad`,`id_sede`,`id_carrera`,`id_curso`,`id_asignatura`,`id_persona`),
  ADD KEY `fk_detalles_inscripcion_inscripciones1_idx` (`id_periodo`,`id_facultad`,`id_sede`,`id_carrera`,`id_curso`,`id_asignatura`),
  ADD KEY `fk_detalles_inscripcion_personas1_idx` (`id_persona`);

--
-- Indices de la tabla `detalles_periodo_academico`
--
ALTER TABLE `detalles_periodo_academico`
  ADD PRIMARY KEY (`id_facultad`,`id_sede`,`id_carrera`,`id_semestre`,`anho`,`id_tipo_inscripcion`),
  ADD KEY `fk_detalles_periodo_academico_tipos_inscripcion1_idx` (`id_tipo_inscripcion`,`id_facultad`);

--
-- Indices de la tabla `docentes`
--
ALTER TABLE `docentes`
  ADD PRIMARY KEY (`id_facultad`,`id_sede`,`id_carrera`,`id_semestre`,`id_asignatura`,`id_persona`),
  ADD KEY `fk_docentes_1_idx` (`id_facultad`,`id_sede`,`id_carrera`);

--
-- Indices de la tabla `documentos`
--
ALTER TABLE `documentos`
  ADD PRIMARY KEY (`id_persona`),
  ADD KEY `fk_documentos_1` (`id_tipo_documento`),
  ADD KEY `fk_documentos_2` (`id_persona`);

--
-- Indices de la tabla `domicilios`
--
ALTER TABLE `domicilios`
  ADD PRIMARY KEY (`id_persona`,`id_pais`,`id_departamento`,`id_ciudad`,`id_domicilio`),
  ADD KEY `fk_domicilios_1_idx` (`id_persona`),
  ADD KEY `fk_domicilios_ciudades1_idx` (`id_pais`,`id_departamento`,`id_ciudad`);

--
-- Indices de la tabla `evaluaciones`
--
ALTER TABLE `evaluaciones`
  ADD PRIMARY KEY (`periodo`,`facultad`,`sede`,`carrera`,`curso`,`asignatura`,`oportunidad`);

--
-- Indices de la tabla `facultades`
--
ALTER TABLE `facultades`
  ADD PRIMARY KEY (`id_facultad`);

--
-- Indices de la tabla `inscripciones`
--
ALTER TABLE `inscripciones`
  ADD PRIMARY KEY (`id_periodo`,`id_facultad`,`id_sede`,`id_carrera`,`id_curso`,`id_asignatura`);

--
-- Indices de la tabla `menus`
--
ALTER TABLE `menus`
  ADD PRIMARY KEY (`id_menu`);

--
-- Indices de la tabla `menu_detalles`
--
ALTER TABLE `menu_detalles`
  ADD PRIMARY KEY (`id_menu`,`id_menu_detalle`),
  ADD KEY `fk_menu_detalles_menus1_idx` (`id_menu`);

--
-- Indices de la tabla `nacionalidades`
--
ALTER TABLE `nacionalidades`
  ADD PRIMARY KEY (`id_nacionalidad`);

--
-- Indices de la tabla `oportunidades`
--
ALTER TABLE `oportunidades`
  ADD PRIMARY KEY (`id_facultad`,`id_oportunidad`);

--
-- Indices de la tabla `paises`
--
ALTER TABLE `paises`
  ADD PRIMARY KEY (`id_pais`);

--
-- Indices de la tabla `periodos`
--
ALTER TABLE `periodos`
  ADD PRIMARY KEY (`id_periodo`);

--
-- Indices de la tabla `personas`
--
ALTER TABLE `personas`
  ADD PRIMARY KEY (`id_persona`),
  ADD KEY `fk_personas_1` (`id_nacionalidad`);

--
-- Indices de la tabla `procedencia_educacional`
--
ALTER TABLE `procedencia_educacional`
  ADD PRIMARY KEY (`id_persona`);

--
-- Indices de la tabla `profesiones`
--
ALTER TABLE `profesiones`
  ADD PRIMARY KEY (`id_profesion`,`id_persona`),
  ADD KEY `fk_profesiones_1_idx` (`id_persona`);

--
-- Indices de la tabla `relaciones_colegio_persona`
--
ALTER TABLE `relaciones_colegio_persona`
  ADD PRIMARY KEY (`id_persona`,`id_pais`,`id_departamento`,`id_ciudad`,`id_colegio`),
  ADD KEY `fk_colegios_1_idx` (`id_persona`),
  ADD KEY `fk_relaciones_colegio_persona_colegios1_idx` (`id_pais`,`id_departamento`,`id_ciudad`,`id_colegio`),
  ADD KEY `fk_relaciones_colegio_persona_bachilleratos1_idx` (`id_bachillerato`);

--
-- Indices de la tabla `relaciones_periodo_actividad`
--
ALTER TABLE `relaciones_periodo_actividad`
  ADD PRIMARY KEY (`id_facultad`,`id_sede`,`id_carrera`,`id_periodo`,`id_actividad`),
  ADD KEY `fk_relaciones_periodo_actividad_actividades1_idx` (`id_actividad`);

--
-- Indices de la tabla `relaciones_rol_menu`
--
ALTER TABLE `relaciones_rol_menu`
  ADD PRIMARY KEY (`id_rol`,`id_menu`,`id_menu_detalle`),
  ADD KEY `fk_relaciones_rol_menu_menu_detalles1_idx` (`id_menu`,`id_menu_detalle`);

--
-- Indices de la tabla `relacion_colegio_bachillerato`
--
ALTER TABLE `relacion_colegio_bachillerato`
  ADD PRIMARY KEY (`id_pais`,`id_departamento`,`id_ciudad`,`id_colegio`,`id_bachillerato`);

--
-- Indices de la tabla `relacion_persona_persona`
--
ALTER TABLE `relacion_persona_persona`
  ADD PRIMARY KEY (`id_persona1`,`id_persona2`),
  ADD KEY `fk_recion_persona_persona_1` (`id_persona1`),
  ADD KEY `fk_recion_persona_persona_2` (`id_tipo_relacion_persona`),
  ADD KEY `fk_relacion_persona_persona_1` (`id_persona2`);

--
-- Indices de la tabla `relacion_sede_carrera`
--
ALTER TABLE `relacion_sede_carrera`
  ADD PRIMARY KEY (`id_facultad`,`id_sede`,`id_carrera`),
  ADD KEY `fk_relacion_carrera_sede_2` (`id_facultad`,`id_carrera`),
  ADD KEY `fk_relacion_carrera_sede_1_idx` (`id_sede`);

--
-- Indices de la tabla `roles`
--
ALTER TABLE `roles`
  ADD PRIMARY KEY (`id_rol`);

--
-- Indices de la tabla `sedes`
--
ALTER TABLE `sedes`
  ADD PRIMARY KEY (`id_sede`);

--
-- Indices de la tabla `telefonos`
--
ALTER TABLE `telefonos`
  ADD PRIMARY KEY (`id_persona`,`id_telefono`),
  ADD KEY `fk_telefonos_2` (`id_persona`);

--
-- Indices de la tabla `tipos_docente`
--
ALTER TABLE `tipos_docente`
  ADD PRIMARY KEY (`id_facultad`,`id_tipo_docente`),
  ADD KEY `fk_tipos_docente_facultades1_idx` (`id_facultad`);

--
-- Indices de la tabla `tipos_documento`
--
ALTER TABLE `tipos_documento`
  ADD PRIMARY KEY (`id_tipo_documento`);

--
-- Indices de la tabla `tipos_inscripcion`
--
ALTER TABLE `tipos_inscripcion`
  ADD PRIMARY KEY (`id_tipo_inscripcion`,`id_facultad`),
  ADD KEY `fk_inscripciones1_idx` (`id_facultad`);

--
-- Indices de la tabla `tipos_relacion_persona`
--
ALTER TABLE `tipos_relacion_persona`
  ADD PRIMARY KEY (`id_tipo_relacion_persona`);

--
-- Indices de la tabla `trabajos`
--
ALTER TABLE `trabajos`
  ADD PRIMARY KEY (`id_trabajo`,`id_persona`),
  ADD KEY `fk_trabajos_1_idx` (`id_persona`);

--
-- Indices de la tabla `universidades`
--
ALTER TABLE `universidades`
  ADD PRIMARY KEY (`id_universidad`);

--
-- Indices de la tabla `usuarios`
--
ALTER TABLE `usuarios`
  ADD PRIMARY KEY (`id_facultad`,`id_sede`,`id_persona`,`id_rol`),
  ADD KEY `fk_usuarios_1` (`id_persona`),
  ADD KEY `fk_usuarios_2_idx` (`id_rol`),
  ADD KEY `fk_usuarios_4_idx` (`id_sede`);

--
-- AUTO_INCREMENT de las tablas volcadas
--

--
-- AUTO_INCREMENT de la tabla `menus`
--
ALTER TABLE `menus`
  MODIFY `id_menu` int(11) NOT NULL AUTO_INCREMENT;
--
-- AUTO_INCREMENT de la tabla `roles`
--
ALTER TABLE `roles`
  MODIFY `id_rol` int(11) NOT NULL AUTO_INCREMENT,AUTO_INCREMENT=4;
--
-- Restricciones para tablas volcadas
--

--
-- Filtros para la tabla `asignaturas`
--
ALTER TABLE `asignaturas`
  ADD CONSTRAINT `fk_asignaturas_1` FOREIGN KEY (`id_facultad`, `id_carrera`, `id_curso`) REFERENCES `cursos` (`id_facultad`, `id_carrera`, `id_curso`) ON DELETE NO ACTION ON UPDATE NO ACTION;

--
-- Filtros para la tabla `carreras`
--
ALTER TABLE `carreras`
  ADD CONSTRAINT `fk_facultades_carreras` FOREIGN KEY (`id_facultad`) REFERENCES `facultades` (`id_facultad`) ON DELETE NO ACTION ON UPDATE NO ACTION;

--
-- Filtros para la tabla `ciudades`
--
ALTER TABLE `ciudades`
  ADD CONSTRAINT `fk_ciudades_departamentos1` FOREIGN KEY (`id_pais`, `id_departamento`) REFERENCES `departamentos` (`id_pais`, `id_departamento`) ON DELETE NO ACTION ON UPDATE NO ACTION;

--
-- Filtros para la tabla `convalidaciones`
--
ALTER TABLE `convalidaciones`
  ADD CONSTRAINT `fk_convalidaciones_asignaturas20` FOREIGN KEY (`id_facultad`, `id_carrera`, `id_curso`, `id_asignatura`) REFERENCES `asignaturas` (`id_facultad`, `id_carrera`, `id_curso`, `id_asignatura`) ON DELETE NO ACTION ON UPDATE NO ACTION;

--
-- Filtros para la tabla `correlatividades`
--
ALTER TABLE `correlatividades`
  ADD CONSTRAINT `fk_correlatividades_asignaturas1` FOREIGN KEY (`id_facultad`, `id_carrera`, `id_curso1`, `id_asignatura1`) REFERENCES `asignaturas` (`id_facultad`, `id_carrera`, `id_curso`, `id_asignatura`) ON DELETE NO ACTION ON UPDATE NO ACTION;

--
-- Filtros para la tabla `correos`
--
ALTER TABLE `correos`
  ADD CONSTRAINT `fk_correos_2` FOREIGN KEY (`id_persona`) REFERENCES `personas` (`id_persona`) ON DELETE NO ACTION ON UPDATE NO ACTION;

--
-- Filtros para la tabla `cursos`
--
ALTER TABLE `cursos`
  ADD CONSTRAINT `fk_semestres_1` FOREIGN KEY (`id_facultad`, `id_carrera`) REFERENCES `carreras` (`id_facultad`, `id_carrera`) ON DELETE NO ACTION ON UPDATE NO ACTION;

--
-- Filtros para la tabla `departamentos`
--
ALTER TABLE `departamentos`
  ADD CONSTRAINT `fk_departamentos_paises1` FOREIGN KEY (`id_pais`) REFERENCES `paises` (`id_pais`) ON DELETE NO ACTION ON UPDATE NO ACTION;

--
-- Filtros para la tabla `detalles_evaluacion`
--
ALTER TABLE `detalles_evaluacion`
  ADD CONSTRAINT `fk_detalles_evaluacion_evaluaciones1` FOREIGN KEY (`periodo`, `facultad`, `sede`, `carrera`, `curso`, `asignatura`, `oportunidad`) REFERENCES `evaluaciones` (`periodo`, `facultad`, `sede`, `carrera`, `curso`, `asignatura`, `oportunidad`) ON DELETE NO ACTION ON UPDATE NO ACTION,
  ADD CONSTRAINT `fk_detalles_evaluacion_personas1` FOREIGN KEY (`persona`) REFERENCES `personas` (`id_persona`) ON DELETE NO ACTION ON UPDATE NO ACTION;

--
-- Filtros para la tabla `detalles_inscripcion`
--
ALTER TABLE `detalles_inscripcion`
  ADD CONSTRAINT `fk_detalles_inscripcion_inscripciones1` FOREIGN KEY (`id_periodo`, `id_facultad`, `id_sede`, `id_carrera`, `id_curso`, `id_asignatura`) REFERENCES `inscripciones` (`id_periodo`, `id_facultad`, `id_sede`, `id_carrera`, `id_curso`, `id_asignatura`) ON DELETE NO ACTION ON UPDATE NO ACTION,
  ADD CONSTRAINT `fk_detalles_inscripcion_personas1` FOREIGN KEY (`id_persona`) REFERENCES `personas` (`id_persona`) ON DELETE NO ACTION ON UPDATE NO ACTION;

--
-- Filtros para la tabla `detalles_periodo_academico`
--
ALTER TABLE `detalles_periodo_academico`
  ADD CONSTRAINT `fk_detalles_periodo_academico_tipos_inscripcion1` FOREIGN KEY (`id_tipo_inscripcion`, `id_facultad`) REFERENCES `tipos_inscripcion` (`id_tipo_inscripcion`, `id_facultad`) ON DELETE NO ACTION ON UPDATE NO ACTION;

--
-- Filtros para la tabla `docentes`
--
ALTER TABLE `docentes`
  ADD CONSTRAINT `fk_docentes1` FOREIGN KEY (`id_facultad`, `id_sede`, `id_carrera`) REFERENCES `relacion_sede_carrera` (`id_facultad`, `id_sede`, `id_carrera`) ON DELETE NO ACTION ON UPDATE NO ACTION;

--
-- Filtros para la tabla `documentos`
--
ALTER TABLE `documentos`
  ADD CONSTRAINT `fk_documentos_1` FOREIGN KEY (`id_tipo_documento`) REFERENCES `tipos_documento` (`id_tipo_documento`) ON DELETE NO ACTION ON UPDATE NO ACTION,
  ADD CONSTRAINT `fk_documentos_2` FOREIGN KEY (`id_persona`) REFERENCES `personas` (`id_persona`) ON DELETE NO ACTION ON UPDATE NO ACTION;

--
-- Filtros para la tabla `domicilios`
--
ALTER TABLE `domicilios`
  ADD CONSTRAINT `fk_domicilios_1` FOREIGN KEY (`id_persona`) REFERENCES `personas` (`id_persona`) ON DELETE NO ACTION ON UPDATE NO ACTION,
  ADD CONSTRAINT `fk_domicilios_ciudades1` FOREIGN KEY (`id_pais`, `id_departamento`, `id_ciudad`) REFERENCES `ciudades` (`id_pais`, `id_departamento`, `id_ciudad`) ON DELETE NO ACTION ON UPDATE NO ACTION;

--
-- Filtros para la tabla `menu_detalles`
--
ALTER TABLE `menu_detalles`
  ADD CONSTRAINT `fk_menu_detalles_menus1` FOREIGN KEY (`id_menu`) REFERENCES `menus` (`id_menu`) ON DELETE NO ACTION ON UPDATE NO ACTION;

--
-- Filtros para la tabla `personas`
--
ALTER TABLE `personas`
  ADD CONSTRAINT `fk_personas_1` FOREIGN KEY (`id_nacionalidad`) REFERENCES `nacionalidades` (`id_nacionalidad`) ON DELETE NO ACTION ON UPDATE NO ACTION;

--
-- Filtros para la tabla `procedencia_educacional`
--
ALTER TABLE `procedencia_educacional`
  ADD CONSTRAINT `fk_procedencia_educacional_personas1` FOREIGN KEY (`id_persona`) REFERENCES `personas` (`id_persona`) ON DELETE NO ACTION ON UPDATE NO ACTION;

--
-- Filtros para la tabla `profesiones`
--
ALTER TABLE `profesiones`
  ADD CONSTRAINT `fk_profesiones_1` FOREIGN KEY (`id_persona`) REFERENCES `personas` (`id_persona`) ON DELETE NO ACTION ON UPDATE NO ACTION;

--
-- Filtros para la tabla `relaciones_colegio_persona`
--
ALTER TABLE `relaciones_colegio_persona`
  ADD CONSTRAINT `fk_colegios_1` FOREIGN KEY (`id_persona`) REFERENCES `personas` (`id_persona`) ON DELETE NO ACTION ON UPDATE NO ACTION,
  ADD CONSTRAINT `fk_relaciones_colegio_persona_bachilleratos1` FOREIGN KEY (`id_bachillerato`) REFERENCES `bachilleratos` (`id_bachillerato`) ON DELETE NO ACTION ON UPDATE NO ACTION,
  ADD CONSTRAINT `fk_relaciones_colegio_persona_colegios1` FOREIGN KEY (`id_pais`, `id_departamento`, `id_ciudad`, `id_colegio`) REFERENCES `colegios` (`id_pais`, `id_departamento`, `id_ciudad`, `id_colegio`) ON DELETE NO ACTION ON UPDATE NO ACTION;

--
-- Filtros para la tabla `relaciones_periodo_actividad`
--
ALTER TABLE `relaciones_periodo_actividad`
  ADD CONSTRAINT `fk_relaciones_periodo_actividad_actividades1` FOREIGN KEY (`id_actividad`) REFERENCES `actividades` (`id_actividad`) ON DELETE NO ACTION ON UPDATE NO ACTION;

--
-- Filtros para la tabla `relaciones_rol_menu`
--
ALTER TABLE `relaciones_rol_menu`
  ADD CONSTRAINT `fk_relaciones_rol_menu_menu_detalles1` FOREIGN KEY (`id_menu`, `id_menu_detalle`) REFERENCES `menu_detalles` (`id_menu`, `id_menu_detalle`) ON DELETE NO ACTION ON UPDATE NO ACTION,
  ADD CONSTRAINT `fk_relaciones_rol_menu_roles1` FOREIGN KEY (`id_rol`) REFERENCES `roles` (`id_rol`) ON DELETE NO ACTION ON UPDATE NO ACTION;

--
-- Filtros para la tabla `relacion_persona_persona`
--
ALTER TABLE `relacion_persona_persona`
  ADD CONSTRAINT `fk_recion_persona_persona_1` FOREIGN KEY (`id_persona1`) REFERENCES `personas` (`id_persona`) ON DELETE NO ACTION ON UPDATE NO ACTION,
  ADD CONSTRAINT `fk_recion_persona_persona_2` FOREIGN KEY (`id_tipo_relacion_persona`) REFERENCES `tipos_relacion_persona` (`id_tipo_relacion_persona`) ON DELETE NO ACTION ON UPDATE NO ACTION,
  ADD CONSTRAINT `fk_relacion_persona_persona_1` FOREIGN KEY (`id_persona2`) REFERENCES `personas` (`id_persona`) ON DELETE NO ACTION ON UPDATE NO ACTION;

--
-- Filtros para la tabla `relacion_sede_carrera`
--
ALTER TABLE `relacion_sede_carrera`
  ADD CONSTRAINT `fk_relacion_carrera_sede_1` FOREIGN KEY (`id_sede`) REFERENCES `sedes` (`id_sede`) ON DELETE NO ACTION ON UPDATE NO ACTION,
  ADD CONSTRAINT `fk_relacion_carrera_sede_2` FOREIGN KEY (`id_facultad`, `id_carrera`) REFERENCES `carreras` (`id_facultad`, `id_carrera`) ON DELETE NO ACTION ON UPDATE NO ACTION;

--
-- Filtros para la tabla `telefonos`
--
ALTER TABLE `telefonos`
  ADD CONSTRAINT `fk_telefonos_2` FOREIGN KEY (`id_persona`) REFERENCES `personas` (`id_persona`) ON DELETE NO ACTION ON UPDATE NO ACTION;

--
-- Filtros para la tabla `trabajos`
--
ALTER TABLE `trabajos`
  ADD CONSTRAINT `fk_trabajos_1` FOREIGN KEY (`id_persona`) REFERENCES `personas` (`id_persona`) ON DELETE NO ACTION ON UPDATE NO ACTION;

--
-- Filtros para la tabla `usuarios`
--
ALTER TABLE `usuarios`
  ADD CONSTRAINT `fk_usuarios_1` FOREIGN KEY (`id_persona`) REFERENCES `personas` (`id_persona`) ON DELETE NO ACTION ON UPDATE NO ACTION,
  ADD CONSTRAINT `fk_usuarios_2` FOREIGN KEY (`id_rol`) REFERENCES `roles` (`id_rol`) ON DELETE NO ACTION ON UPDATE NO ACTION,
  ADD CONSTRAINT `fk_usuarios_3` FOREIGN KEY (`id_facultad`) REFERENCES `facultades` (`id_facultad`) ON DELETE NO ACTION ON UPDATE NO ACTION,
  ADD CONSTRAINT `fk_usuarios_4` FOREIGN KEY (`id_sede`) REFERENCES `sedes` (`id_sede`) ON DELETE NO ACTION ON UPDATE NO ACTION;

/*!40101 SET CHARACTER_SET_CLIENT=@OLD_CHARACTER_SET_CLIENT */;
/*!40101 SET CHARACTER_SET_RESULTS=@OLD_CHARACTER_SET_RESULTS */;
/*!40101 SET COLLATION_CONNECTION=@OLD_COLLATION_CONNECTION */;
